action_type,creature_id,samples,multiplier,q10,q50,q90
MELEE_ATTACK,1,3,1.105940419,0.561763533,0.671550256,0.808734366
MELEE_ATTACK,2,14,0.962530291,0.544377248,0.709285547,0.975727902
MELEE_ATTACK,3,11,0.900279788,0.356056338,0.540540230,0.703257862
MELEE_ATTACK,4,25,1.069652024,0.568380421,0.980963303,1.000094117
MELEE_ATTACK,5,2,1.158345043,0.700957306,0.870803694,1.081804936
MELEE_ATTACK,8,20,1.055082300,0.715541217,0.933991583,1.057539522
MELEE_ATTACK,10,13,1.108126641,0.557761460,0.990631164,1.290716042
MELEE_ATTACK,11,6,1.008092892,0.499327906,0.576859460,0.756244904
MELEE_ATTACK,14,10,1.162529353,0.848252464,1.105992945,1.509755217
MELEE_ATTACK,16,1,1.140525489,0.472727273,0.472727273,0.472727273
MELEE_ATTACK,17,36,0.970840660,0.571740230,0.866279611,1.138497009
MELEE_ATTACK,18,13,1.275654163,0.397707329,1.416193340,1.753791455
MELEE_ATTACK,20,14,1.104697056,0.685230502,0.991104852,1.327013359
MELEE_ATTACK,21,39,0.977919847,0.659516892,0.883564815,1.289115688
MELEE_ATTACK,23,3,1.146677453,0.681588707,0.886172651,1.037018584
MELEE_ATTACK,24,1,1.172328667,0.842253521,0.842253521,0.842253521
MELEE_ATTACK,27,14,1.070100458,0.771126199,0.917402739,1.195682204
MELEE_ATTACK,28,104,0.966545926,0.493827160,0.928370018,1.453708649
MELEE_ATTACK,29,4,1.144857037,0.832540157,0.936179194,0.959575627
MELEE_ATTACK,30,10,1.232247677,1.115677724,1.317148070,2.609697783
MELEE_ATTACK,31,289,1.999011428,0.899855865,2.071846282,3.683965918
MELEE_ATTACK,33,28,1.333799355,0.742547339,1.445410042,3.771955939
MELEE_ATTACK,34,15,0.942322183,0.370221127,0.688904494,1.110838116
MELEE_ATTACK,36,34,1.004848357,0.594000000,0.908856093,1.495893488
MELEE_ATTACK,37,5,0.976593089,0.378704911,0.440199336,0.450884529
MELEE_ATTACK,38,12,1.407247485,1.047139721,1.856115918,2.288790793
MELEE_ATTACK,40,90,1.232150785,0.699526711,1.241284825,2.035393190
MELEE_ATTACK,41,108,1.741046403,0.763273765,1.867618818,3.681459600
MELEE_ATTACK,42,12,0.900029643,0.306377280,0.563596968,1.454170924
MELEE_ATTACK,43,119,1.649756310,0.673793540,1.742405464,3.275904853
MELEE_ATTACK,44,44,1.158589221,0.671050388,1.143769392,1.661919076
MELEE_ATTACK,45,5,1.174473243,0.618979915,1.107380282,1.138389726
MELEE_ATTACK,46,1,1.168908456,0.792129630,0.792129630,0.792129630
MELEE_ATTACK,47,5,1.177327939,0.847271596,1.120903955,1.200687205
MELEE_ATTACK,49,15,1.071100007,0.829499047,0.928888889,2.094588235
MELEE_ATTACK,51,1,1.165939893,0.750939850,0.750939850,0.750939850
MELEE_ATTACK,53,420,1.545276649,0.956308844,1.564503549,3.023954721
MELEE_ATTACK,55,3,1.173727949,0.823205056,1.059625344,1.204191474
MELEE_ATTACK,56,2,1.292441170,2.759661179,2.905504113,3.059054574
MELEE_ATTACK,68,406,0.947678313,0.580367889,0.937035569,1.421424016
MELEE_ATTACK,69,5,1.143520423,0.919213458,0.968948683,1.037356259
MELEE_ATTACK,70,61,1.114824212,0.502354788,1.090662922,2.165175031
MELEE_ATTACK,71,62,1.306731598,0.740248260,1.346094794,1.742924689
MELEE_ATTACK,72,2,1.198988082,0.923238508,1.272525231,1.753956805
MELEE_ATTACK,73,44,1.792213754,1.400567799,2.157332675,4.164304261
MELEE_ATTACK,74,1,1.148777828,0.550000000,0.550000000,0.550000000
MELEE_ATTACK,75,18,1.161215132,0.885693772,1.128075621,1.432155572
MELEE_ATTACK,76,2,1.171024862,0.971719179,0.981590052,0.991561195
MELEE_ATTACK,77,2,1.124681828,0.527563964,0.629548703,0.751248372
MELEE_ATTACK,80,5,1.222605677,0.570323886,1.353671204,2.090967964
MELEE_ATTACK,81,1,1.179405500,0.955722640,0.955722640,0.955722640
MELEE_ATTACK,83,2,1.138470532,0.564433531,0.719850995,0.918062847
MELEE_ATTACK,89,5,1.234091046,1.181390128,1.418460205,2.765368115
MELEE_ATTACK,90,32,1.091966159,0.435863010,1.033823372,1.675431543
MELEE_ATTACK,91,31,1.045639090,0.603085554,0.960960961,1.118012422
MELEE_ATTACK,92,49,1.377067966,0.875953372,1.460688759,2.885196022
MELEE_ATTACK,93,10,1.298795172,1.185636557,1.542277675,2.575985341
MELEE_ATTACK,94,2,1.143872139,0.750154792,0.758324660,0.766583505
MELEE_ATTACK,100,108,1.685663284,0.848711721,1.797416863,3.392381911
MELEE_ATTACK,101,93,1.458174037,0.830088361,1.522802897,2.613550358
MELEE_ATTACK,102,4,1.085969493,0.527908009,0.681957310,0.956177064
MELEE_ATTACK,103,36,1.181063658,0.767866968,1.175101289,2.270099230
MELEE_ATTACK,105,6,1.261242999,1.068490265,1.522984988,1.642195669
MELEE_ATTACK,106,2,1.258234782,1.696608338,2.163124057,2.757917416
MELEE_ATTACK,107,1,1.177998801,0.932067932,0.932067932,0.932067932
MELEE_ATTACK,108,15,0.979899649,0.449014158,0.754716981,0.883006154
MELEE_ATTACK,117,51,1.311552454,0.749482402,1.361702128,2.278409091
MELEE_ATTACK,118,303,1.024418293,0.593948931,1.014231824,2.282058955
MELEE_ATTACK,119,30,1.656475203,1.153739362,2.062948676,3.566910857
MELEE_ATTACK,120,6,1.262413013,0.668782577,1.529116692,2.217470323
MELEE_ATTACK,121,126,1.853566225,1.266705375,1.988149885,3.942091135
MELEE_ATTACK,123,10,1.102897938,0.771352915,0.944379496,1.082457001
MELEE_ATTACK,124,2,1.202213827,1.276925343,1.310695411,1.345358575
MELEE_ATTACK,125,6,1.226290877,0.958913607,1.348360785,2.003919422
MELEE_ATTACK,126,4,1.118745705,0.638482900,0.815154113,0.908010747
MELEE_ATTACK,131,17,1.476747257,1.481801523,1.900237530,3.229314586
MELEE_ATTACK,132,15,1.131418205,0.906969286,1.055555556,1.220652251
MELEE_ATTACK,133,68,0.916273548,0.585576571,0.848077559,1.271095858
MELEE_ATTACK,145,21,1.068065931,0.507692308,0.962131837,1.304347826
MELEE_ATTACK,146,17,1.175775481,0.438450268,1.157116195,1.258806406
MELEE_ATTACK,147,169,1.696944030,0.807141706,1.769399249,3.838649727
MELEE_ATTACK,148,161,1.882766297,1.402247646,1.992797119,4.131344846
MELEE_ATTACK,149,53,1.435280421,1.174686392,1.539544513,3.258217643
MELEE_ATTACK,150,19,1.211734056,0.813061941,1.232998885,4.484815639
MELEE_ATTACK,153,25,1.089196242,0.389544319,1.013461538,1.389929455
MELEE_ATTACK,154,11,1.079531997,0.496153846,0.901704545,1.158954248
MELEE_ATTACK,155,15,1.144846617,0.867546347,1.085019213,1.727057216
MELEE_ATTACK,156,26,1.077902961,0.579181720,0.997706278,1.483815122
MELEE_ATTACK,157,1,1.159229491,0.665217391,0.665217391,0.665217391
MELEE_ATTACK,158,12,1.085756530,0.776721786,0.929473500,1.410190731
MELEE_ATTACK,159,1,1.174990166,0.883333333,0.883333333,0.883333333
MELEE_ATTACK,160,42,1.167426550,0.983672039,1.155962596,2.941879703
MELEE_ATTACK,161,3,1.164766531,0.679152102,0.999156118,1.009449351
MELEE_ATTACK,162,218,1.275977750,0.934692317,1.283984928,2.464227902
MELEE_ATTACK,163,172,1.686363290,0.943249548,1.755807448,4.410453747
MELEE_ATTACK,164,2,1.261056497,1.735013732,2.217087628,2.833105849
MELEE_ATTACK,165,13,1.190841839,0.718036676,1.189258312,2.236580132
MELEE_ATTACK,166,3,1.330118335,2.690973345,2.764568765,4.946058997
MELEE_ATTACK,167,88,2.564245132,1.248413603,3.051967854,5.072510560
MELEE_ATTACK,168,50,1.199459635,1.011750826,1.202508091,2.356399463
MELEE_ATTACK,169,85,1.269819524,0.661315837,1.288888889,2.577777778
MELEE_ATTACK,172,9,1.102626077,0.731370516,0.927500000,1.437600764
MELEE_ATTACK,198,10,1.076648769,0.705212728,0.878542386,1.119455028
MELEE_ATTACK,199,27,1.048659998,0.604745846,0.953790984,1.144085848
MELEE_ATTACK,200,47,0.559982424,0.271077931,0.406047078,0.709365946
MELEE_ATTACK,201,258,1.418058158,0.410954963,1.437288632,2.822492907
MELEE_ATTACK,202,27,1.048965364,0.392777545,0.954274510,1.133917049
MELEE_ATTACK,203,40,1.099560043,0.676545977,1.056120733,1.327844448
MELEE_ATTACK,204,5,1.160456149,0.432511386,1.042857143,1.741606814
MELEE_ATTACK,205,3,1.121631067,0.668868823,0.748144483,0.953307608
MELEE_ATTACK,207,6,1.103186724,0.710748228,0.852537335,1.114498597
MELEE_ATTACK,208,4,1.144129054,0.457938866,0.932613123,0.966479584
MELEE_ATTACK,209,30,0.851240986,0.447971166,0.680144309,1.668591641
MELEE_ATTACK,210,27,0.965933312,0.435432912,0.826666667,1.219864428
MELEE_ATTACK,211,8,1.717552309,2.986419723,4.281644668,20.000000000
MELEE_ATTACK,212,7,1.416192560,1.109751891,2.317934473,20.000000000
MELEE_ATTACK,213,9,1.171530122,0.912318428,1.127559748,1.253332647
MELEE_ATTACK,214,7,1.076178379,0.669032180,0.803864734,1.194120170
MELEE_ATTACK,217,9,1.129599448,0.617491841,1.002616959,1.413171102
MELEE_ATTACK,234,56,1.293536439,0.849689628,1.331909519,1.989267606
MELEE_ATTACK,235,216,1.009066357,0.600947940,0.993629228,1.287658116
MELEE_ATTACK,237,15,1.339708598,1.140293776,1.565733537,3.040271923
MELEE_ATTACK,238,56,1.572817217,0.803673172,1.736583184,3.763271131
MELEE_ATTACK,239,33,1.428492546,1.101184747,1.594202899,2.867087727
MELEE_ATTACK,249,52,1.105806691,0.854719096,1.074384640,2.101737315
MELEE_ATTACK,253,1,1.149744518,0.559801489,0.559801489,0.559801489
MELEE_ATTACK,254,1,1.211983270,1.693693694,1.693693694,1.693693694
MELEE_ATTACK,255,266,1.367083732,0.828803256,1.381254536,2.998985204
MELEE_ATTACK,256,17,0.978998305,0.681016058,0.776703297,1.032595895
MELEE_ATTACK,257,1,1.213165734,1.728735632,1.728735632,1.728735632
MELEE_ATTACK,258,51,1.087034080,0.821791320,1.048484848,1.614035088
MELEE_ATTACK,259,8,1.070049625,0.560733408,0.817220844,0.999977357
MELEE_ATTACK,260,47,1.356967732,0.635832919,1.433982684,2.597557241
MELEE_ATTACK,261,5,1.415104228,1.376541433,2.812051650,2.929088246
MELEE_ATTACK,268,3,1.150046154,0.788516171,0.906328530,0.935444056
MELEE_ATTACK,269,15,1.153575065,0.755454699,1.104419476,1.325278515
MELEE_ATTACK,270,76,1.445359056,0.727100644,1.520597172,3.288065743
MELEE_ATTACK,272,17,0.963387408,0.393308985,0.750000000,0.967945093
MELEE_ATTACK,273,14,0.939605578,0.353673885,0.668954892,1.086013378
MELEE_ATTACK,280,2,1.127572876,0.558024122,0.647580402,0.751509408
MELEE_ATTACK,281,3,1.133080931,0.496715657,0.808727822,1.360362122
MELEE_ATTACK,282,1,1.184134113,1.039500000,1.039500000,1.039500000
MELEE_ATTACK,285,5,1.157293607,0.864007682,1.028724115,1.202501735
MELEE_ATTACK,287,20,0.907033444,0.355174043,0.690266646,1.132577338
MELEE_ATTACK,288,2,1.114970127,0.392894070,0.572266633,0.833530266
MELEE_ATTACK,289,16,1.392601051,0.877228962,1.691698546,2.689648098
MELEE_ATTACK,290,19,1.037832931,0.752221395,0.897143478,1.186062386
MELEE_ATTACK,291,11,1.136338436,0.755439466,1.041912633,1.328211694
MELEE_ATTACK,292,13,1.103600477,0.506905228,0.980392157,2.002749615
MELEE_ATTACK,293,8,1.025110770,0.611975097,0.703272291,1.215537804
MELEE_ATTACK,300,420,0.945046699,0.581042916,0.934661581,1.357602146
MELEE_ATTACK,301,91,1.753591958,1.000746826,1.908909905,3.938211382
MELEE_ATTACK,309,10,1.369516020,0.812452607,1.808181100,2.855021731
MELEE_ATTACK,310,1,1.161609418,0.694493783,0.694493783,0.694493783
MELEE_ATTACK,311,63,1.303572022,0.893137453,1.341176471,2.515056378
MELEE_ATTACK,314,7,1.234191731,1.133263689,1.363567649,3.543365935
MELEE_ATTACK,315,135,1.431775881,1.002438824,1.471208924,2.988424823
MELEE_ATTACK,316,82,0.507332976,0.287630204,0.411927461,1.870062997
MELEE_ATTACK,317,60,1.440651788,1.154521668,1.534624494,2.861419639
MELEE_ATTACK,318,117,1.521974044,0.900417285,1.586928105,3.089826994
MELEE_ATTACK,320,139,2.214063010,1.437230130,2.420411985,5.162739326
MELEE_ATTACK,323,3,1.159720754,0.547942994,0.966447368,1.019734177
MELEE_ATTACK,324,7,1.103882501,0.410015415,0.886666667,1.024548250
MELEE_ATTACK,325,7,1.143023507,0.687886610,1.014209968,1.247358131
MELEE_ATTACK,330,34,2.205386324,1.512107776,3.167331206,5.316883974
MELEE_ATTACK,332,73,1.573177013,1.198019531,1.697478992,2.426053578
MELEE_ATTACK,333,72,1.872113963,1.434349522,2.122292398,3.772452934
MELEE_ATTACK,335,177,3.001958275,1.526486907,3.332231405,5.868428098
MELEE_ATTACK,336,8,1.262482413,0.926215748,1.457855227,2.170847520
MELEE_ATTACK,337,44,1.581685287,1.136482720,1.798785303,3.497482778
MELEE_ATTACK,340,2,1.061069738,0.245309796,0.331807414,0.448804581
MELEE_ATTACK,352,11,0.972259044,0.578064516,0.671379310,0.958510638
MELEE_ATTACK,353,23,1.026630432,0.556686185,0.901680672,1.352813128
MELEE_ATTACK,355,47,0.895449592,0.496812198,0.792857143,1.352610970
MELEE_ATTACK,356,43,0.915184156,0.268198948,0.809375000,1.228333851
MELEE_ATTACK,357,17,0.868237658,0.440002548,0.598090278,0.884387703
MELEE_ATTACK,358,20,1.017429669,0.578210943,0.868518519,1.378346280
MELEE_ATTACK,359,20,0.988446298,0.611823204,0.819740601,1.313991216
MELEE_ATTACK,360,26,1.089763590,0.715166647,1.017211362,1.799167617
MELEE_ATTACK,361,3,1.172331753,1.042493280,1.050000000,1.274601274
MELEE_ATTACK,362,13,0.956830467,0.475733390,0.682454800,1.292134451
MELEE_ATTACK,363,29,0.810954706,0.292035012,0.621818182,0.863934956
MELEE_ATTACK,364,22,0.843071727,0.246499243,0.615416167,1.352573279
MELEE_ATTACK,370,17,1.051505331,0.610429645,0.907381723,1.043146602
MELEE_ATTACK,371,17,0.893772239,0.146604938,0.637037037,0.907338729
MELEE_ATTACK,378,7,1.325461108,1.114388670,1.795509796,2.898118453
MELEE_ATTACK,386,3,1.288752766,2.062830137,2.169879394,3.497497026
MELEE_ATTACK,388,12,1.095301842,0.702298517,0.951423761,2.817015106
MELEE_ATTACK,389,10,1.031700492,0.459438413,0.773039148,1.280654330
MELEE_ATTACK,390,14,1.068237813,0.514901440,0.913529481,1.764285714
MELEE_ATTACK,391,20,0.972795455,0.514768008,0.793986930,1.544549069
MELEE_ATTACK,392,43,1.051080368,0.504249948,0.991387560,2.026197095
MELEE_ATTACK,393,62,0.932948176,0.489623231,0.862072734,1.909759831
MELEE_ATTACK,397,1,1.153785884,0.602608696,0.602608696,0.602608696
MELEE_ATTACK,399,34,1.694585953,0.631173621,2.084327172,2.538051032
MELEE_ATTACK,401,6,1.091997111,0.348433997,0.815694270,1.648863245
MELEE_ATTACK,402,5,1.155590412,0.888444012,1.021176471,1.940747390
MELEE_ATTACK,403,13,1.021971605,0.515655652,0.806647188,2.188327298
MELEE_ATTACK,404,16,1.006279476,0.619216094,0.814384956,1.557451757
MELEE_ATTACK,405,8,1.121097363,0.562115816,0.962005106,3.477898589
MELEE_ATTACK,406,17,1.226024605,0.669892598,1.267458828,2.105873220
MELEE_ATTACK,413,20,1.029311605,0.504935044,0.888922760,1.304633825
MELEE_ATTACK,414,34,0.908044799,0.413660029,0.773790669,1.163494161
MELEE_ATTACK,415,3,1.142001831,0.584754905,0.858843537,0.895627897
MELEE_ATTACK,416,4,1.110611739,0.538263664,0.780234221,1.361382104
MELEE_ATTACK,417,62,0.927530504,0.504514845,0.855457979,1.258312670
MELEE_ATTACK,418,62,1.191694776,0.510964328,1.191637529,2.869448744
MELEE_ATTACK,419,24,1.050062525,0.595345276,0.944864862,1.439733857
MELEE_ATTACK,420,23,0.985159534,0.421896675,0.834782609,1.102632037
MELEE_ATTACK,421,8,1.091224150,0.536242957,0.875234867,1.177700799
MELEE_ATTACK,422,16,0.895571332,0.365402645,0.626524807,0.864098760
MELEE_ATTACK,423,64,0.772613036,0.490411301,0.674727453,1.102175685
MELEE_ATTACK,424,57,0.789212209,0.414985990,0.682926829,1.140507259
MELEE_ATTACK,433,52,1.564227038,0.718821525,1.736646223,2.264814905
MELEE_ATTACK,434,34,1.040663401,0.603353011,0.960841588,1.696564549
MELEE_ATTACK,435,10,1.196258874,0.656140012,1.205080593,2.786005125
MELEE_ATTACK,436,54,1.592079382,0.050000000,1.772283681,4.269431524
MELEE_ATTACK,440,55,0.805202007,0.336363636,0.698181818,1.162180452
MELEE_ATTACK,441,69,0.980721737,0.505859383,0.926829268,1.437058037
MELEE_ATTACK,442,41,0.898810475,0.235119048,0.783216783,1.545405931
MELEE_ATTACK,443,32,0.930497635,0.550946303,0.797110902,1.531036368
MELEE_ATTACK,444,24,1.112626283,0.455607732,1.050628030,1.648520635
MELEE_ATTACK,445,30,0.968770444,0.407072336,0.843752344,1.307930003
MELEE_ATTACK,446,22,0.876079806,0.306184174,0.662233131,1.097124892
MELEE_ATTACK,447,9,0.993123351,0.333933958,0.662131519,1.583821398
MELEE_ATTACK,448,15,0.977478042,0.227523567,0.750372208,1.642651201
MELEE_ATTACK,449,21,1.110931514,0.246428571,1.038961039,2.122448980
MELEE_ATTACK,493,43,0.882428567,0.438532491,0.767288267,1.621050349
MELEE_ATTACK,494,18,0.951962775,0.601632169,0.741591414,1.041364565
MELEE_ATTACK,495,77,0.911642753,0.304888264,0.850334132,1.332421276
MELEE_ATTACK,496,49,0.836513111,0.382066452,0.723960396,1.226040525
MELEE_ATTACK,512,204,1.220863857,0.771184566,1.223743854,2.484163774
MELEE_ATTACK,513,150,1.366352318,0.637110438,1.391469729,2.811278413
MELEE_ATTACK,514,180,1.202283123,0.714580791,1.203445485,2.212208738
MELEE_ATTACK,515,168,1.167626704,0.513944596,1.164773379,1.974470249
MELEE_ATTACK,520,6,1.143618884,0.874256827,0.996445009,1.063079224
MELEE_ATTACK,521,2,1.079969857,0.397242824,0.402931155,0.408700940
MELEE_ATTACK,522,6,1.060437942,0.376793489,0.718351624,1.246422567
MELEE_ATTACK,534,65,1.598318374,0.824604753,1.749337573,3.265359385
MELEE_ATTACK,535,143,1.566269388,0.995771236,1.627267730,3.015870180
MELEE_ATTACK,536,223,1.981349466,1.232660738,2.073755818,4.136936094
MELEE_ATTACK,537,21,1.462753845,1.354166667,1.777777778,3.860000000
MELEE_ATTACK,538,175,1.694157115,0.995902370,1.763631521,3.687643187
MELEE_ATTACK,544,83,1.294738911,0.961538462,1.320825516,2.633619222
MELEE_ATTACK,545,8,1.265199016,1.232152689,1.468864308,1.911317731
MELEE_ATTACK,546,6,1.195679936,0.982305949,1.208460258,1.634594607
MELEE_ATTACK,567,38,0.944641778,0.331825742,0.835851176,1.640728704
MELEE_ATTACK,568,29,1.001651450,0.517356035,0.888461538,1.495861653
MELEE_ATTACK,571,21,1.068636761,0.206355140,0.963136033,1.502657138
MELEE_ATTACK,572,29,0.664121084,0.092632292,0.443697479,1.195239364
MELEE_ATTACK,578,2,1.282307193,2.664478964,2.664500084,2.664521205
MELEE_ATTACK,579,16,1.251970689,0.541454865,1.331372931,2.523490821
MELEE_ATTACK,580,7,1.196225328,0.813898907,1.208750463,2.779733740
MELEE_ATTACK,581,3,1.239867121,1.431202276,1.613162119,1.652868146
MELEE_ATTACK,587,6,1.080729964,0.735939425,0.779845901,1.541588906
MELEE_ATTACK,588,247,1.263212821,0.627296105,1.269172932,2.394847476
MELEE_ATTACK,589,49,1.342069887,0.905133075,1.408685612,3.390991414
MELEE_ATTACK,590,80,1.286618244,0.875192777,1.311458957,2.463822014
MELEE_ATTACK,599,3,1.143208048,0.863574786,0.865822785,0.923988432
MELEE_ATTACK,600,6,1.101431420,0.759965049,0.846674779,1.105222885
MELEE_ATTACK,601,18,1.083161733,0.737228187,0.973961407,1.141000091
MELEE_ATTACK,604,2,1.159510922,0.807585930,0.880493508,0.959983066
MELEE_ATTACK,606,2,1.144008080,0.757457342,0.759316586,0.761180393
MELEE_ATTACK,609,2,1.136595478,0.560307742,0.706916366,0.891886211
MELEE_ATTACK,611,3,1.168314398,0.824610053,1.022727273,2.633273982
MELEE_ATTACK,612,94,1.688068532,0.730374151,1.817824085,3.981679534
MELEE_ATTACK,624,15,1.179233729,1.082880021,1.162590580,1.532416130
MELEE_ATTACK,626,16,1.020294115,0.593050785,0.840127051,0.974356815
MELEE_ATTACK,627,4,1.118010262,0.743781529,0.811944187,0.904387707
MELEE_ATTACK,628,2,1.219003114,1.248770812,1.526707500,1.866504061
MELEE_ATTACK,630,2,1.221488098,1.555948689,1.561293349,1.566656369
MELEE_ATTACK,631,8,1.182445653,0.773439902,1.159204023,1.351935250
MELEE_ATTACK,635,135,0.623723988,0.344321419,0.566666667,0.944446769
MELEE_ATTACK,636,84,0.682668575,0.345683286,0.597841625,0.939268423
MELEE_ATTACK,637,7,0.995526755,0.497221239,0.595238095,0.708303868
MELEE_ATTACK,638,27,0.815285365,0.517498516,0.615384615,1.026955730
MELEE_ATTACK,639,99,0.683407629,0.316067735,0.610775862,0.966959822
MELEE_ATTACK,640,130,0.705516571,0.503141606,0.650838130,1.122072072
MELEE_ATTACK,641,123,0.637191830,0.270147886,0.575505051,0.895757994
MELEE_ATTACK,644,46,1.046268786,0.623354505,0.988645212,1.481138625
MELEE_ATTACK,645,24,1.043744216,0.161508321,0.934467905,2.038908410
MELEE_ATTACK,646,2,1.230121387,1.181104856,1.687060027,2.409753478
MELEE_ATTACK,647,6,1.220152039,0.762017142,1.319354214,1.740907342
MELEE_ATTACK,649,111,1.734945037,1.297489763,1.856372738,2.978947368
MELEE_ATTACK,650,105,1.739257424,1.225895422,1.869078381,3.744666335
MELEE_ATTACK,651,117,1.248576954,0.696406686,1.258536585,2.322635135
MELEE_ATTACK,652,32,1.139213836,0.611838737,1.107490380,1.622390479
MELEE_ATTACK,660,3,1.156454569,0.785239668,0.945774648,0.996257212
MELEE_ATTACK,661,10,1.443173025,1.684410326,2.115903138,2.466537071
MELEE_ATTACK,662,27,0.961025781,0.523158953,0.819369369,1.196863089
MELEE_ATTACK,672,16,0.934284348,0.451133261,0.689113525,1.110391924
MELEE_ATTACK,677,16,1.174121531,0.866352507,1.152304418,1.736624280
MELEE_ATTACK,678,8,1.161531327,0.859739210,1.089015259,1.359194374
MELEE_ATTACK,679,12,1.101634933,0.757763726,0.966164351,1.779440022
MELEE_ATTACK,690,17,1.082461413,0.815858527,0.966530612,1.327167459
MELEE_ATTACK,691,2,1.156759620,0.818013952,0.857782524,0.899484486
MELEE_ATTACK,703,3,1.128301822,0.689027311,0.782941176,1.146541746
MELEE_ATTACK,704,8,1.037747609,0.602335902,0.734085783,1.074338234
MELEE_ATTACK,717,20,1.010158643,0.733557029,0.856149200,0.967739779
MELEE_ATTACK,721,40,0.898612394,0.371411126,0.780267918,1.314381838
MELEE_ATTACK,722,9,1.081992321,0.631646789,0.872727273,1.125065789
MELEE_ATTACK,723,23,1.037208279,0.500748297,0.919127517,1.199696777
MELEE_ATTACK,724,25,1.063030746,0.682200329,0.970060267,1.217331462
MELEE_ATTACK,725,2,1.154487829,0.827866527,0.839432581,0.851160224
MELEE_ATTACK,727,13,1.133004068,0.882081862,1.048064516,1.846366245
MELEE_ATTACK,728,3,1.158541224,0.868900269,0.958936877,1.459330957
MELEE_ATTACK,729,3,1.126370930,0.656436258,0.772727273,1.178860040
MELEE_ATTACK,730,3,1.143205386,0.763779700,0.865807327,1.049165550
MELEE_ATTACK,731,14,1.051808207,0.641216256,0.879781656,1.029007667
MELEE_ATTACK,745,75,1.428431810,1.162342561,1.499089146,2.876582661
MELEE_ATTACK,747,28,1.375980275,1.184649821,1.524653425,3.386908026
MELEE_ATTACK,750,5,1.160715168,0.795869917,1.044021515,1.389025151
MELEE_ATTACK,751,7,1.192211638,0.597115614,1.193181818,1.982138784
MELEE_ATTACK,752,19,1.037591606,0.389285714,0.896715328,1.089536361
MELEE_ATTACK,753,11,0.857621735,0.422478652,0.471428571,0.634451827
MELEE_ATTACK,754,3,1.185424099,0.962011305,1.143318809,1.297693138
MELEE_ATTACK,755,4,1.130016546,0.532658410,0.865685719,1.040522238
MELEE_ATTACK,770,87,1.044111605,0.639518442,1.012820513,1.469076186
MELEE_ATTACK,771,10,1.085969994,0.753603297,0.901558789,1.377886723
MELEE_ATTACK,790,13,0.878095812,0.353020032,0.548790796,0.978978265
MELEE_ATTACK,791,2,1.124863426,0.613232412,0.630667763,0.648598834
MELEE_ATTACK,792,10,1.144619327,0.671524385,1.055659352,2.650310112
MELEE_ATTACK,793,10,1.160372118,0.697644629,1.099847392,1.298889937
MELEE_ATTACK,796,1,1.181951691,1.000000000,1.000000000,1.000000000
MELEE_ATTACK,817,10,1.046476283,0.583398261,0.806730999,1.150134637
MELEE_ATTACK,847,106,1.762801835,1.480403128,1.897903028,2.546739165
MELEE_ATTACK,848,183,1.815887739,1.370181057,1.901400560,2.369696594
MELEE_ATTACK,849,91,1.030015739,0.420000000,0.997500000,2.709137931
MELEE_ATTACK,850,52,0.981820206,0.191348667,0.911272400,2.120211641
MELEE_ATTACK,851,89,1.165783592,0.441879542,1.160000000,2.283398558
MELEE_ATTACK,852,3,1.142282845,0.823034381,0.860465116,1.277571220
MELEE_ATTACK,855,143,1.643182144,1.236978847,1.718660287,3.269937170
MELEE_ATTACK,856,3,1.176234313,0.955657076,1.077096774,1.233163628
MELEE_ATTACK,859,92,1.267546761,1.015097971,1.284623283,2.482273929
MELEE_ATTACK,860,9,1.203368548,1.147933898,1.229314421,2.633876908
MELEE_ATTACK,861,63,1.265973029,1.024255070,1.290447213,2.134494310
MELEE_ATTACK,895,2,1.058916024,0.206361776,0.324473774,0.510187652
MELEE_ATTACK,896,3,1.151748788,0.757095306,0.916666667,1.950905070
MELEE_ATTACK,897,14,0.997413437,0.567951329,0.773337000,1.671614949
MELEE_ATTACK,917,12,1.090364741,0.870815360,0.940030498,1.107684069
MELEE_ATTACK,918,19,1.133562597,0.875273135,1.075263158,1.904815752
MELEE_ATTACK,920,16,1.337832634,1.016518796,1.545670353,2.888638635
MELEE_ATTACK,922,2,1.309757310,2.650703184,3.363581968,4.268182016
MELEE_ATTACK,925,2,1.147093734,0.769791650,0.782151452,0.794709704
MELEE_ATTACK,926,6,1.101022230,0.268640500,0.845312591,1.106262490
MELEE_ATTACK,927,6,1.144724520,0.996918144,1.000626257,1.005071200
MELEE_ATTACK,928,21,1.173130652,0.740740741,1.155555556,1.651248164
MELEE_ATTACK,930,47,0.900545637,0.545681074,0.799297189,1.502591747
MELEE_ATTACK,932,18,1.456513961,0.762688808,1.820018051,4.007944457
MELEE_ATTACK,933,3,1.141822916,0.823861983,0.857812500,0.983261176
MELEE_ATTACK,936,4,1.146141709,0.577612629,0.942499957,1.402123187
MELEE_ATTACK,937,4,1.312928362,1.213850367,2.129597940,2.804113214
MELEE_ATTACK,938,7,1.101388261,0.643028567,0.878964029,0.981263039
MELEE_ATTACK,939,5,1.177245763,0.992727973,1.120512821,1.291626529
MELEE_ATTACK,942,6,1.149329221,0.895768320,1.018185487,1.060695435
MELEE_ATTACK,946,5,1.179210368,0.940214194,1.129893722,1.287791823
MELEE_ATTACK,958,53,1.607648444,1.369583726,1.799836735,3.143268399
MELEE_ATTACK,959,40,1.510417434,0.995418894,1.700319864,2.986641077
MELEE_ATTACK,960,17,1.490433115,1.086157872,1.938775510,3.439345758
MELEE_ATTACK,961,2,1.238302217,1.673743119,1.814663196,1.967447978
MELEE_ATTACK,962,26,1.502822312,1.401990610,1.796189650,3.634660272
MELEE_ATTACK,982,7,1.114391210,0.564971591,0.919669670,1.547844671
MELEE_ATTACK,985,13,1.065825308,0.733243087,0.897435897,1.832984712
MELEE_ATTACK,987,3,1.152691045,0.807301188,0.922431866,0.942634673
MELEE_ATTACK,993,3,1.117269868,0.693426724,0.726129217,0.943449415
MELEE_ATTACK,1004,1,1.169733939,0.803960396,0.803960396,0.803960396
MELEE_ATTACK,1011,2,1.166037484,0.788111827,0.936570560,1.112994862
MELEE_ATTACK,1012,1,1.255940389,3.578947368,3.578947368,3.578947368
MELEE_ATTACK,1013,2,1.050520420,0.177633339,0.297270873,0.497485282
MELEE_ATTACK,1015,3,1.079005367,0.547524339,0.555882353,0.685496568
MELEE_ATTACK,1016,1,1.255920841,3.577777778,3.577777778,3.577777778
MELEE_ATTACK,1021,2,1.175203714,0.973132469,1.020816271,1.070836595
MELEE_ATTACK,1036,25,0.956633154,0.364283117,0.802339181,1.002117345
MELEE_ATTACK,1037,13,0.952145736,0.395742747,0.674004796,0.987606923
MELEE_ATTACK,1038,3,1.143616838,0.685503875,0.868199234,1.123064245
MELEE_ATTACK,1040,2,1.173099033,0.915435411,1.000885322,1.094311425
MELEE_ATTACK,1041,3,1.175684438,0.965378057,1.073242392,1.726185504
MELEE_ATTACK,1042,4,1.057898058,0.164806476,0.582793040,1.291307275
MELEE_ATTACK,1043,4,1.131600682,0.704660891,0.872992756,1.072483205
MELEE_ATTACK,1044,7,1.057763824,0.737309367,0.752093023,0.882155035
MELEE_ATTACK,1045,3,1.097924728,0.332051545,0.635123615,0.684136512
MELEE_ATTACK,1046,1,1.110826228,0.271627907,0.271627907,0.271627907
MELEE_ATTACK,1047,11,1.071023085,0.588800000,0.881818182,1.200000000
MELEE_ATTACK,1050,9,1.161776246,0.767300585,1.097589091,1.489018759
MELEE_ATTACK,1053,20,1.115119252,0.688467796,1.043308907,2.768573872
MELEE_ATTACK,1054,1,1.192258045,1.200000000,1.200000000,1.200000000
MELEE_ATTACK,1055,5,1.289487454,1.130347797,1.766716049,1.899796911
MELEE_ATTACK,1056,3,1.260091033,1.569957998,1.826206897,1.950874369
MELEE_ATTACK,1060,17,1.015722074,0.505829985,0.841517857,1.532053753
MELEE_ATTACK,1062,44,0.867394972,0.449706441,0.750730057,0.959319264
MELEE_ATTACK,1064,5,1.182880395,0.749071446,1.147586207,1.367998849
MELEE_ATTACK,1065,3,1.163680141,0.534236500,0.992033543,1.065196887
MELEE_ATTACK,1066,8,1.059751547,0.737388217,0.790023346,0.966068120
MELEE_ATTACK,1067,13,1.068123763,0.216491952,0.902356792,1.000649205
MELEE_ATTACK,1068,25,0.978126556,0.668233614,0.835078534,1.262785943
MELEE_ATTACK,1081,1,1.188760583,1.128205128,1.128205128,1.128205128
MELEE_ATTACK,1082,5,1.245257171,0.196584325,1.483803553,2.630818632
MELEE_ATTACK,1089,1,1.196326289,1.288986355,1.288986355,1.288986355
MELEE_ATTACK,1095,4,1.032108226,0.432396584,0.502577307,0.740154544
MELEE_ATTACK,1114,52,1.106437531,0.576081430,1.075233384,1.936085117
MELEE_ATTACK,1130,1,1.159589167,0.669565217,0.669565217,0.669565217
MELEE_ATTACK,1131,3,1.200873723,0.666737128,1.262645797,1.283517242
MELEE_ATTACK,1132,5,1.024548678,0.528939298,0.559427918,1.127391324
MELEE_ATTACK,1138,8,1.158377815,0.804543203,1.078702110,1.298905060
MELEE_ATTACK,1139,4,1.138640900,0.665390899,0.906091622,1.285294367
MELEE_ATTACK,1140,15,1.196863738,0.883158035,1.203551572,1.841638356
MELEE_ATTACK,1145,13,0.863932762,0.498592953,0.526599327,0.950606246
MELEE_ATTACK,1146,17,0.909405534,0.556345570,0.661538462,1.019638257
MELEE_ATTACK,1154,4,0.817456685,0.105321362,0.124062331,0.589806158
MELEE_ATTACK,1165,2,1.149308339,0.659577948,0.798923155,0.967707017
MELEE_ATTACK,1176,5,1.103213951,0.403822660,0.809803922,1.211173031
MELEE_ATTACK,1177,2,1.176699481,0.829109266,1.035199506,1.292517237
MELEE_ATTACK,1180,1,1.182653571,1.012544803,1.012544803,1.012544803
MELEE_ATTACK,1184,65,0.909203136,0.415553540,0.836538462,1.118293021
MELEE_ATTACK,1187,10,0.980845121,0.508972030,0.664265784,1.065304713
MELEE_ATTACK,1189,6,1.195394597,0.645758558,1.207211070,1.399166037
MELEE_ATTACK,1191,18,1.018408990,0.451549559,0.855115967,1.222461917
MELEE_ATTACK,1192,1,1.244163343,2.936507937,2.936507937,2.936507937
MELEE_ATTACK,1193,15,1.463272371,1.429668014,1.923619271,3.665789320
MELEE_ATTACK,1194,35,1.390952910,0.714636812,1.519306541,3.272612582
MELEE_ATTACK,1221,6,1.032057333,0.462962739,0.638681293,0.998504743
MELEE_ATTACK,1223,5,1.109150859,0.426605686,0.831829368,1.156944302
MELEE_ATTACK,1259,1,1.363181035,20.000000000,20.000000000,20.000000000
MELEE_ATTACK,1282,16,1.279395861,0.967584310,1.397893152,1.889669337
MELEE_ATTACK,1287,1,1.144773331,0.511111111,0.511111111,0.511111111
MELEE_ATTACK,1295,9,1.029467500,0.578187187,0.743432203,1.086234556
MELEE_ATTACK,1296,14,1.052287944,0.522033384,0.880756495,0.987759194
MELEE_ATTACK,1297,2,1.244274482,1.056147063,1.913290938,3.466072426
MELEE_ATTACK,1298,8,1.110339600,0.857376778,0.930081746,1.214961624
MELEE_ATTACK,1300,1,1.191044196,1.174603175,1.174603175,1.174603175
MELEE_ATTACK,1301,3,1.186023046,0.957694504,1.147755102,1.204930430
MELEE_ATTACK,1302,3,1.202037418,1.211598040,1.272056738,1.281884867
MELEE_ATTACK,1303,1,1.174778647,0.880000000,0.880000000,0.880000000
MELEE_ATTACK,1310,6,1.110356112,0.439356613,0.876807395,0.980195391
MELEE_ATTACK,1313,12,1.045899018,0.741254945,0.841246285,0.998330205
MELEE_ATTACK,1314,14,1.135955813,0.869201261,1.060595103,1.184471553
MELEE_ATTACK,1315,1,1.176149519,0.901818182,0.901818182,0.901818182
MELEE_ATTACK,1317,9,1.105818422,0.735892559,0.936180556,1.502271485
MELEE_ATTACK,1318,4,1.179915227,1.066077374,1.121905489,1.853898907
MELEE_ATTACK,1319,7,1.126369400,0.809904774,0.958387670,1.189623426
MELEE_ATTACK,1324,6,0.900002979,0.190918831,0.352878118,0.832646379
MELEE_ATTACK,1325,8,1.108172655,0.444013573,0.923744194,1.319146038
MELEE_ATTACK,1330,6,1.002975811,0.284051375,0.564277778,1.426532025
MELEE_ATTACK,1336,12,1.127522625,0.867943359,1.027900758,1.287704537
MELEE_ATTACK,1340,4,1.136790755,0.771547023,0.897293737,0.931397619
MELEE_ATTACK,1341,35,0.906139779,0.543719861,0.774774775,1.006316637
MELEE_ATTACK,1343,30,0.808612797,0.488713830,0.624330486,0.973297671
MELEE_ATTACK,1344,24,0.796799447,0.509452739,0.569659202,1.324112225
MELEE_ATTACK,1345,8,1.138032054,0.744016782,1.013833062,1.504882701
MELEE_ATTACK,1346,13,1.061761586,0.604320879,0.888775510,1.574811344
MELEE_ATTACK,1348,20,1.037029044,0.715051143,0.902302430,1.132403739
MELEE_ATTACK,1363,17,1.091806303,0.745150642,0.984783482,1.188425397
MELEE_ATTACK,1368,3,1.164749339,0.685642931,0.999043062,1.634822510
MELEE_ATTACK,1381,3,1.169377694,0.727251698,1.029885057,1.086231728
MELEE_ATTACK,1392,2,1.201386524,1.190342001,1.300807974,1.421525397
MELEE_ATTACK,1400,1,1.181951691,1.000000000,1.000000000,1.000000000
MELEE_ATTACK,1459,12,1.133125330,0.885999179,1.041577700,1.622280365
RANGED_ATTACK,2,13,0.921188553,0.188403642,0.520146520,1.175638511
RANGED_ATTACK,20,40,0.337736582,0.124478295,0.169832369,0.685506153
RANGED_ATTACK,23,2,1.285711026,0.872240297,0.878300840,0.884403493
RANGED_ATTACK,28,504,0.859667312,0.379506569,0.844766426,1.483251399
RANGED_ATTACK,29,5,1.043774261,0.113653760,0.389277601,0.494133052
RANGED_ATTACK,32,1,1.326106363,1.148888889,1.148888889,1.148888889
RANGED_ATTACK,37,19,0.424692048,0.080190630,0.127134786,0.982610348
RANGED_ATTACK,42,104,0.841940663,0.058850791,0.770443396,2.168918039
RANGED_ATTACK,56,1,1.363982434,2.075471698,2.075471698,2.075471698
RANGED_ATTACK,72,460,2.224922322,1.057500801,2.274838499,3.393305160
RANGED_ATTACK,73,230,1.853167195,1.028845045,1.906696929,3.795471709
RANGED_ATTACK,81,4,1.296183063,0.844179828,1.115658242,1.486235541
RANGED_ATTACK,89,101,1.483156289,0.847665848,1.514242879,3.225858981
RANGED_ATTACK,94,2,1.291523042,0.822945437,0.922975115,1.035163481
RANGED_ATTACK,104,4,1.131196881,0.309169752,0.492903971,1.031770404
RANGED_ATTACK,107,6,1.122233647,0.550687590,0.628130170,1.205205863
RANGED_ATTACK,120,349,2.256721597,0.993332026,2.325581395,3.936866100
RANGED_ATTACK,122,6,1.240120856,0.638033988,0.968350984,1.338468310
RANGED_ATTACK,124,14,1.148323941,0.698537112,0.925355836,1.548263940
RANGED_ATTACK,126,3,0.982354036,0.105983375,0.126696833,0.729496437
RANGED_ATTACK,145,107,0.954804611,0.127250230,0.896739130,1.260063075
RANGED_ATTACK,146,129,0.964733131,0.476398045,0.917280917,1.543348744
RANGED_ATTACK,155,229,1.386423693,0.741299138,1.390948483,2.222244582
RANGED_ATTACK,159,6,1.153454356,0.409565755,0.707441514,1.003854721
RANGED_ATTACK,160,118,1.540375811,0.698604209,1.578061274,3.893297942
RANGED_ATTACK,164,1,1.346194142,1.575411884,1.575411884,1.575411884
RANGED_ATTACK,165,138,1.516109854,0.750589095,1.544212594,3.203518026
RANGED_ATTACK,207,22,1.014448685,0.337708538,0.790000000,1.260597662
RANGED_ATTACK,208,22,1.065217840,0.240852923,0.867192982,1.142351255
RANGED_ATTACK,237,149,1.763314128,0.924255275,1.830300847,3.937616415
RANGED_ATTACK,239,188,1.254843039,0.652173913,1.246539386,2.313940632
RANGED_ATTACK,253,61,1.391797113,0.426266417,1.410714286,2.897367786
RANGED_ATTACK,257,182,0.927617295,0.052102581,0.891190476,2.419519955
RANGED_ATTACK,261,882,1.436234116,0.844991532,1.438600632,2.887292897
RANGED_ATTACK,285,5,1.209971715,0.483786393,0.814896755,1.188132236
RANGED_ATTACK,287,23,1.068965360,0.221949326,0.880746269,1.030700397
RANGED_ATTACK,309,45,1.751010825,1.052831262,1.974938053,3.955573890
RANGED_ATTACK,310,1,1.319708735,1.037940379,1.037940379,1.037940379
RANGED_ATTACK,311,111,1.444234330,0.699346405,1.464717101,3.011478922
RANGED_ATTACK,314,374,1.952641963,1.067420595,1.992702033,4.098826990
RANGED_ATTACK,340,2,1.194211522,0.286304998,0.389906140,0.530995964
RANGED_ATTACK,341,23,1.139834035,0.470324748,0.993048659,1.171042999
RANGED_ATTACK,355,114,1.987840678,1.430917831,2.131462757,3.440225099
RANGED_ATTACK,356,164,2.292573849,1.690156548,2.448706555,4.187500000
RANGED_ATTACK,378,54,1.598259199,0.798030148,1.708122465,3.329964625
RANGED_ATTACK,390,93,0.842427472,0.443002057,0.762934363,1.696028125
RANGED_ATTACK,391,91,0.938110770,0.466019417,0.868022953,1.522580645
RANGED_ATTACK,401,75,0.955403550,0.502772399,0.873745819,1.369607608
RANGED_ATTACK,402,68,0.766473975,0.382261645,0.650964679,1.459830965
RANGED_ATTACK,415,34,0.930633483,0.498272757,0.752446989,1.202438013
RANGED_ATTACK,416,56,0.993030543,0.496616863,0.893279426,1.177877476
RANGED_ATTACK,421,42,0.975867903,0.500991112,0.840398284,1.121059745
RANGED_ATTACK,422,62,0.735996831,0.198704419,0.607276466,1.117041847
RANGED_ATTACK,435,30,1.032520826,0.438238936,0.869699293,1.920217289
RANGED_ATTACK,446,80,0.858940323,0.195811241,0.769184272,1.393118706
RANGED_ATTACK,447,71,0.831873123,0.267696268,0.728000000,1.205555556
RANGED_ATTACK,448,63,0.866112797,0.515124301,0.754838710,1.346874856
RANGED_ATTACK,449,86,1.104794712,0.315662568,1.057099956,2.305549818
RANGED_ATTACK,494,116,0.754371097,0.217137360,0.683608952,1.580143459
RANGED_ATTACK,520,3,1.290483900,0.975012581,1.026000000,1.101901992
RANGED_ATTACK,521,2,1.248064367,0.486331301,0.633392724,0.824923960
RANGED_ATTACK,534,284,1.812421787,0.794344560,1.851803502,4.055879212
RANGED_ATTACK,537,256,1.833201295,0.928687293,1.879116275,4.039225506
RANGED_ATTACK,546,3,1.300069066,0.905923996,1.085892301,1.504778150
RANGED_ATTACK,578,24,1.452886958,0.805907091,1.558405719,3.116982722
RANGED_ATTACK,581,4,1.344383875,0.971761612,1.388906120,2.664454252
RANGED_ATTACK,587,81,1.233108451,0.537240537,1.209025117,2.545764155
RANGED_ATTACK,599,3,1.250970900,0.473544922,0.808362369,0.859432591
RANGED_ATTACK,600,2,1.272362056,0.596389603,0.783040183,1.028106333
RANGED_ATTACK,606,2,1.291297944,0.720566897,0.921207156,1.177715251
RANGED_ATTACK,607,340,1.154482744,0.146163202,1.144625897,3.377948672
RANGED_ATTACK,624,13,1.045275242,0.441047083,0.716872428,0.771698388
RANGED_ATTACK,628,5,1.283392573,0.807569837,1.094017094,1.700455459
RANGED_ATTACK,635,215,0.774540151,0.404238558,0.736258013,1.246610091
RANGED_ATTACK,636,149,0.775878116,0.365646799,0.721321854,1.297284534
RANGED_ATTACK,641,175,1.749143172,0.577247485,1.803897561,2.684831070
RANGED_ATTACK,646,107,1.682232308,0.898370308,1.756360078,2.687516682
RANGED_ATTACK,647,102,1.738778490,0.763765352,1.831071135,2.559155121
RANGED_ATTACK,661,19,1.516996227,1.474383155,1.734545455,2.345520064
RANGED_ATTACK,726,2,1.261577436,0.593785115,0.713048855,0.856267119
RANGED_ATTACK,752,7,0.914436448,0.177754939,0.309770230,0.699544326
RANGED_ATTACK,753,3,1.163990303,0.241431477,0.465217391,0.522424554
RANGED_ATTACK,761,6,2.494163406,20.000000000,20.000000000,20.000000000
RANGED_ATTACK,771,23,1.143840031,0.881153190,0.999583622,1.377005348
RANGED_ATTACK,789,9,0.674152925,0.091985237,0.147537688,0.343606667
RANGED_ATTACK,791,3,1.030540182,0.143684868,0.182897862,0.204584051
RANGED_ATTACK,817,23,0.542770367,0.103978068,0.248055556,0.949419818
RANGED_ATTACK,852,5,1.393430227,1.008236250,1.650641026,1.871266340
RANGED_ATTACK,853,11,1.345515696,0.851162791,1.363636364,2.044334975
RANGED_ATTACK,856,1,1.312918185,0.931372549,0.931372549,0.931372549
RANGED_ATTACK,860,38,1.357466204,0.963972972,1.369090005,2.760338176
RANGED_ATTACK,895,5,1.212734390,0.666990264,0.824242424,1.543387778
RANGED_ATTACK,917,4,1.283941240,0.965981198,1.053911189,1.186653135
RANGED_ATTACK,918,13,1.177249475,0.273719136,0.969443609,1.451394669
RANGED_ATTACK,921,1,1.279103887,0.538461538,0.538461538,0.538461538
RANGED_ATTACK,922,10,1.306700274,0.561102723,1.250665575,3.212168401
RANGED_ATTACK,930,53,0.678054385,0.184644599,0.525000000,1.318681319
RANGED_ATTACK,961,41,1.601447769,0.831652742,1.749690639,3.497598698
RANGED_ATTACK,987,2,1.357961315,1.498457645,1.602609175,1.713999841
RANGED_ATTACK,993,16,0.996468025,0.364667638,0.690916967,1.654041730
RANGED_ATTACK,1013,2,1.320460866,1.153324704,1.177733772,1.202659435
RANGED_ATTACK,1016,3,1.316858435,1.013218866,1.198148148,1.623476018
RANGED_ATTACK,1021,5,1.169606576,0.676627108,0.687741935,0.779487221
RANGED_ATTACK,1040,7,0.795259480,0.136482614,0.180769231,0.900552651
RANGED_ATTACK,1042,8,1.039949086,0.458399446,0.556299709,1.228376962
RANGED_ATTACK,1043,14,1.102141953,0.613271228,0.837558024,1.072136903
RANGED_ATTACK,1044,16,0.989571856,0.159363604,0.680204946,0.945178242
RANGED_ATTACK,1045,10,1.258438806,0.639262170,1.117145025,1.312667840
RANGED_ATTACK,1046,2,1.268387747,0.733036457,0.756551795,0.780821490
RANGED_ATTACK,1055,23,1.413028395,0.439781377,1.483946667,2.149307831
RANGED_ATTACK,1056,8,1.430061338,1.361625753,1.696320423,2.154962476
RANGED_ATTACK,1062,20,0.919605011,0.146793377,0.633153895,0.952561193
RANGED_ATTACK,1114,208,1.798743490,0.831646838,1.850970965,2.636507019
RANGED_ATTACK,1130,4,1.326652932,0.986578235,1.282558108,1.615358322
RANGED_ATTACK,1188,7,1.075006000,0.359464305,0.578139115,1.463347931
RANGED_ATTACK,1221,19,0.969585729,0.143140436,0.692082111,1.070179943
RANGED_ATTACK,1287,3,1.226487011,0.566871955,0.694693878,0.901544541
RANGED_ATTACK,1301,6,1.379372664,0.664629800,1.535709536,4.320000000
RANGED_ATTACK,1302,3,1.246130388,0.669178376,0.784688995,0.806052189
RANGED_ATTACK,1303,9,1.222694229,0.290296201,1.004705882,1.319741448
RANGED_ATTACK,1310,4,1.215774083,0.597808691,0.759714490,1.003680582
RANGED_ATTACK,1311,3,1.274648211,0.849189847,0.933333333,1.028158375
RANGED_ATTACK,1315,4,1.253414903,0.895405241,0.912225585,0.967352848
RANGED_ATTACK,1316,1,1.313733205,0.943589744,0.943589744,0.943589744
RANGED_ATTACK,1319,13,1.209196352,0.842941546,1.037625418,1.251505507
RANGED_ATTACK,1337,5,1.124377107,0.498091244,0.564659282,0.784646279
RANGED_ATTACK,1340,7,1.243361881,0.753938832,1.013333333,1.245064689
RANGED_ATTACK,1341,8,1.146535614,0.548307011,0.782749835,0.899936521
RANGED_ATTACK,1368,25,0.446982367,0.156887519,0.186194996,0.723715170
RANGED_ATTACK,1392,4,1.247285521,0.686749696,0.885785180,1.040797285
MELEE_ATTACK,0,14972,1.191872261,0.569472182,1.191872261,2.737584673
RANGED_ATTACK,0,8501,1.335652174,0.476190476,1.335652174,3.006493506
