action_type,role,ability_code,samples,log_coefficient,multiplier
MELEE_ATTACK,actor,acid_breath,145,0.020755142,1.020972028
MELEE_ATTACK,actor,agility,60,0.007218182,1.007244295
MELEE_ATTACK,actor,alive,11174,0.046866493,1.047982086
MELEE_ATTACK,actor,allslash,27,-0.027010710,0.973350817
MELEE_ATTACK,actor,amphibian,501,-0.005174901,0.994838465
MELEE_ATTACK,actor,armorpiercing,90,-0.004767569,0.995243778
MELEE_ATTACK,actor,armoured,285,0.061092207,1.062996926
MELEE_ATTACK,actor,assault,369,0.073659641,1.076440366
MELEE_ATTACK,actor,attentive,20,0.014691622,1.014800074
MELEE_ATTACK,actor,auraofbravery,60,0.039480484,1.040270197
MELEE_ATTACK,actor,auraofres,181,0.018275417,1.018443435
MELEE_ATTACK,actor,balefulgaze,123,-0.004324547,0.995684790
MELEE_ATTACK,actor,battledive,54,0.042093617,1.042992116
MELEE_ATTACK,actor,battlefrenzy,43,0.009738733,1.009786308
MELEE_ATTACK,actor,bearroar,40,0.012510680,1.012589266
MELEE_ATTACK,actor,berserkerrage,172,0.064339343,1.066454232
MELEE_ATTACK,actor,big,6380,0.035795082,1.036443439
MELEE_ATTACK,actor,bladeofhatred,50,-0.047777524,0.953345860
MELEE_ATTACK,actor,bladeofjudgment,34,-0.068818375,0.933496211
MELEE_ATTACK,actor,blindedbyrage,50,-0.047777524,0.953345860
MELEE_ATTACK,actor,blinding_attack,501,-0.020796355,0.979418398
MELEE_ATTACK,actor,blindingcharge,26,0.022084914,1.022330591
MELEE_ATTACK,actor,bloodfrenzy,34,-0.021317048,0.978908555
MELEE_ATTACK,actor,bloodlust,401,0.028969167,1.029392855
MELEE_ATTACK,actor,boundlesshate,29,-0.031907106,0.968596555
MELEE_ATTACK,actor,bravery,311,-0.014194404,0.985905862
MELEE_ATTACK,actor,brittle,24,0.008616786,1.008654018
MELEE_ATTACK,actor,burningfootsteps,44,-0.003954660,0.996053150
MELEE_ATTACK,actor,burstofenergy,62,0.012675581,1.012756256
MELEE_ATTACK,actor,carrier,487,0.061262858,1.063178342
MELEE_ATTACK,actor,caster,1144,0.002758246,1.002762054
MELEE_ATTACK,actor,challenge,121,0.027280495,1.027656015
MELEE_ATTACK,actor,championcharge,77,-0.032684053,0.967844299
MELEE_ATTACK,actor,charge,39,-0.019656773,0.980535161
MELEE_ATTACK,actor,childofthelight,268,-0.015326013,0.984790832
MELEE_ATTACK,actor,cleansinglight,51,-0.016855232,0.983286023
MELEE_ATTACK,actor,cleave,338,0.053387056,1.054837847
MELEE_ATTACK,actor,commandingpresence,54,-0.233027541,0.792131757
MELEE_ATTACK,actor,confusionstrike,28,0.008464291,1.008500214
MELEE_ATTACK,actor,corpseeater,35,-0.007508446,0.992519672
MELEE_ATTACK,actor,cowardice,25,0.067258146,1.069571548
MELEE_ATTACK,actor,crashingleap,62,0.029653788,1.030097840
MELEE_ATTACK,actor,cripplingtraps,34,-0.005874894,0.994142330
MELEE_ATTACK,actor,cripplingwound,256,0.007338798,1.007365793
MELEE_ATTACK,actor,crushblow,52,0.017097570,1.017244570
MELEE_ATTACK,actor,cursingattack,477,-0.011898722,0.988171788
MELEE_ATTACK,actor,dancecombo,108,-0.035728214,0.964902505
MELEE_ATTACK,actor,darkattack,86,0.008574308,1.008611173
MELEE_ATTACK,actor,dash,22,-0.001272702,0.998728107
MELEE_ATTACK,actor,deadflesh,34,-0.025922818,0.974410293
MELEE_ATTACK,actor,deathattack,29,-0.016066053,0.984062318
MELEE_ATTACK,actor,deathcloud,40,-0.022003429,0.978236881
MELEE_ATTACK,actor,deathstare,420,0.059023217,1.060799869
MELEE_ATTACK,actor,deathwail,168,-0.077119431,0.925779280
MELEE_ATTACK,actor,defender,30,0.006353214,1.006373438
MELEE_ATTACK,actor,demonic,253,-0.053485341,0.947919836
MELEE_ATTACK,actor,demoniclineage,154,0.037394371,1.038102338
MELEE_ATTACK,actor,doublestrike,261,-0.008596171,0.991440671
MELEE_ATTACK,actor,dualforms,123,-0.004324547,0.995684790
MELEE_ATTACK,actor,eaterofdarkness,31,0.031289915,1.031784590
MELEE_ATTACK,actor,eateroflight,44,-0.022912551,0.977347948
MELEE_ATTACK,actor,eclipse,47,0.002601447,1.002604833
MELEE_ATTACK,actor,elemental,417,-0.000839027,0.999161325
MELEE_ATTACK,actor,endurance,33,-0.003326424,0.996679103
MELEE_ATTACK,actor,enraged,1562,0.029268968,1.029701514
MELEE_ATTACK,actor,entrenchment,22,-0.005605663,0.994410019
MELEE_ATTACK,actor,entroots,191,0.004151010,1.004159638
MELEE_ATTACK,actor,evileye,34,-0.043322093,0.957602903
MELEE_ATTACK,actor,explodingspikes,29,-0.015126830,0.984987006
MELEE_ATTACK,actor,eyeofgluttony,54,0.003299422,1.003304871
MELEE_ATTACK,actor,fearattack,117,0.002846951,1.002851008
MELEE_ATTACK,actor,ferociouswound,249,-0.012242360,0.987832273
MELEE_ATTACK,actor,festeringaura,108,0.019915054,1.020114682
MELEE_ATTACK,actor,fierceretaliation,48,0.071236838,1.073835521
MELEE_ATTACK,actor,fire_breath,266,0.047614512,1.048766291
MELEE_ATTACK,actor,fireattack,223,-0.023104241,0.977160619
MELEE_ATTACK,actor,fireproof25,149,0.023274752,1.023547723
MELEE_ATTACK,actor,fireproof50,46,0.011367954,1.011432815
MELEE_ATTACK,actor,fireprskin,311,0.016757855,1.016899055
MELEE_ATTACK,actor,fireshield,66,0.013080486,1.013166410
MELEE_ATTACK,actor,flamestrike,53,0.005522688,1.005537967
MELEE_ATTACK,actor,flamewave,53,0.005522688,1.005537967
MELEE_ATTACK,actor,flyer,5303,-0.019245809,0.980938209
MELEE_ATTACK,actor,fourwaves,57,0.022950216,1.023215599
MELEE_ATTACK,actor,frightful_aura,338,0.019041549,1.019223996
MELEE_ATTACK,actor,goblinthrower,86,-0.026224523,0.974116354
MELEE_ATTACK,actor,hailstormaura,69,0.036628633,1.037307727
MELEE_ATTACK,actor,harmtouch,216,-0.020471055,0.979737055
MELEE_ATTACK,actor,hatefulretaliation,50,-0.047777524,0.953345860
MELEE_ATTACK,actor,heal6,20,0.000265633,1.000265668
MELEE_ATTACK,actor,heavystep,36,-0.019216128,0.980967325
MELEE_ATTACK,actor,hexingattack,90,0.019012753,1.019194646
MELEE_ATTACK,actor,hidden,605,0.027441064,1.027821037
MELEE_ATTACK,actor,holdground,26,0.006210055,1.006229378
MELEE_ATTACK,actor,hollowbones,236,0.014102265,1.014202171
MELEE_ATTACK,actor,iair,41,-0.028232222,0.972162583
MELEE_ATTACK,actor,iblind,186,-0.000127458,0.999872550
MELEE_ATTACK,actor,icedbreath,290,0.042708661,1.043633800
MELEE_ATTACK,actor,icold,108,-0.009836341,0.990211877
MELEE_ATTACK,actor,iearth,172,0.002321660,1.002324357
MELEE_ATTACK,actor,ifire,514,0.061004018,1.062903185
MELEE_ATTACK,actor,ifrenzy,56,0.044397373,1.045397686
MELEE_ATTACK,actor,ignoreattack20,53,0.037950396,1.038679709
MELEE_ATTACK,actor,ignoreattack40,89,0.026773849,1.027135489
MELEE_ATTACK,actor,ignoredefence20,136,0.031519784,1.032021793
MELEE_ATTACK,actor,ignoredefence30,42,0.013004802,1.013089732
MELEE_ATTACK,actor,ignoredefence40,255,0.066000634,1.068227395
MELEE_ATTACK,actor,ignoredefence60,92,0.037819417,1.038543672
MELEE_ATTACK,actor,ilighting,155,0.040048669,1.040861431
MELEE_ATTACK,actor,imind,291,0.036988296,1.037680876
MELEE_ATTACK,actor,immaterial,269,0.043797428,1.044770692
MELEE_ATTACK,actor,immunetoweakness,152,0.036928132,1.037618447
MELEE_ATTACK,actor,immunity,120,-0.021068311,0.979152076
MELEE_ATTACK,actor,impervioustopain,50,0.010354097,1.010407886
MELEE_ATTACK,actor,incinerate,28,0.035967694,1.036622357
MELEE_ATTACK,actor,incorporeal,631,0.052053636,1.053432242
MELEE_ATTACK,actor,invisibility,102,0.032481786,1.033015078
MELEE_ATTACK,actor,islow,57,0.028502252,1.028912328
MELEE_ATTACK,actor,jousting,165,-0.040091383,0.960701643
MELEE_ATTACK,actor,layhands,56,0.044397373,1.045397686
MELEE_ATTACK,actor,leap6,62,0.020552149,1.020764799
MELEE_ATTACK,actor,lifedrain,473,0.122662398,1.130502696
MELEE_ATTACK,actor,lifeguardmembrane,26,-0.008193920,0.991839558
MELEE_ATTACK,actor,lighting_attack,161,0.051605433,1.052960197
MELEE_ATTACK,actor,lightningbreath,35,-0.007508446,0.992519672
MELEE_ATTACK,actor,liquidflamebreath,26,0.052176228,1.053561393
MELEE_ATTACK,actor,lizardbite,228,-0.016886129,0.983255642
MELEE_ATTACK,actor,lshield,369,-0.004643844,0.995366922
MELEE_ATTACK,actor,mag,104,0.035106538,1.035730047
MELEE_ATTACK,actor,magicproof25,59,-0.004171246,0.995837442
MELEE_ATTACK,actor,magicproof50,433,-0.010849374,0.989209268
MELEE_ATTACK,actor,magmashield,85,0.005887216,1.005904580
MELEE_ATTACK,actor,manadrain,406,0.058358147,1.060094597
MELEE_ATTACK,actor,manaleech,36,-0.004337720,0.995671674
MELEE_ATTACK,actor,maneuver,82,0.042662477,1.043585601
MELEE_ATTACK,actor,maniaclaughter,32,-0.010786697,0.989271270
MELEE_ATTACK,actor,markoffire,25,-0.008147719,0.991885384
MELEE_ATTACK,actor,mechanical,23,-0.004124474,0.995884020
MELEE_ATTACK,actor,mightyslam,79,-0.022606924,0.977646698
MELEE_ATTACK,actor,nonshiftable,20,0.048984427,1.050203996
MELEE_ATTACK,actor,nopenalty,392,-0.018088304,0.982074307
MELEE_ATTACK,actor,norangepenalty,255,-0.052990351,0.948389163
MELEE_ATTACK,actor,noretalation,2124,0.025826928,1.026163333
MELEE_ATTACK,actor,orderofchief,54,-0.233027541,0.792131757
MELEE_ATTACK,actor,organicarmor,71,-0.050005436,0.951224254
MELEE_ATTACK,actor,packhunter,23,-0.018428587,0.981740181
MELEE_ATTACK,actor,packpower,36,-0.004691006,0.995319979
MELEE_ATTACK,actor,packraid,36,-0.004691006,0.995319979
MELEE_ATTACK,actor,painmirror,47,0.000380242,1.000380314
MELEE_ATTACK,actor,pawstrike,239,0.001799628,1.001801248
MELEE_ATTACK,actor,piercingbolt,47,-0.030146163,0.970303701
MELEE_ATTACK,actor,pirate,764,0.057031228,1.058688871
MELEE_ATTACK,actor,pleasureinpain,22,0.006574914,1.006596576
MELEE_ATTACK,actor,poisonattack,52,-0.033906375,0.966662004
MELEE_ATTACK,actor,powerstrike,336,0.063093508,1.065126432
MELEE_ATTACK,actor,prismaticbreath,80,0.038540096,1.039292399
MELEE_ATTACK,actor,proliferation,21,0.036133560,1.036794312
MELEE_ATTACK,actor,purge,72,-0.036758790,0.963908612
MELEE_ATTACK,actor,pyromancer,67,-0.037938258,0.962772383
MELEE_ATTACK,actor,rageagainsttheliving,33,-0.013597326,0.986494700
MELEE_ATTACK,actor,rageoftheforest,49,-0.001150047,0.998850614
MELEE_ATTACK,actor,ragingblood,728,0.022280150,1.022530206
MELEE_ATTACK,actor,rangepenalty,106,-0.011022621,0.989037906
MELEE_ATTACK,actor,regeneration,112,0.088792228,1.092853569
MELEE_ATTACK,actor,resistanttocurses,31,-0.001490995,0.998510116
MELEE_ATTACK,actor,resurrection,52,0.090689600,1.094929086
MELEE_ATTACK,actor,retractablespikes,38,0.037730610,1.038451447
MELEE_ATTACK,actor,ridercharge,209,-0.023559142,0.976716208
MELEE_ATTACK,actor,rushdave,43,0.009738733,1.009786308
MELEE_ATTACK,actor,sacrificegoblin,145,0.051078298,1.052405291
MELEE_ATTACK,actor,safeposition,23,-0.026431480,0.973914775
MELEE_ATTACK,actor,scavenger,20,-0.050551425,0.950705037
MELEE_ATTACK,actor,shieldbash,262,-0.037045131,0.963632645
MELEE_ATTACK,actor,shielded,175,-0.056455992,0.945108076
MELEE_ATTACK,actor,shieldguard,34,-0.018013696,0.982147581
MELEE_ATTACK,actor,shieldother,163,0.030661045,1.031135936
MELEE_ATTACK,actor,shieldwall,38,0.011638367,1.011706356
MELEE_ATTACK,actor,shootbash,59,0.049226539,1.050458293
MELEE_ATTACK,actor,shooter,1514,0.005266130,1.005280020
MELEE_ATTACK,actor,siegewalls,20,0.034984806,1.035603974
MELEE_ATTACK,actor,six_heads,53,-0.028077195,0.972313306
MELEE_ATTACK,actor,slam,151,-0.005509505,0.994505644
MELEE_ATTACK,actor,snakereflexes,23,-0.024152626,0.976136715
MELEE_ATTACK,actor,sorrowstrike,180,0.022947858,1.023213185
MELEE_ATTACK,actor,speedoflight,55,-0.029377789,0.971049543
MELEE_ATTACK,actor,spider,37,-0.032941968,0.967594709
MELEE_ATTACK,actor,spirit,460,-0.043075383,0.957839183
MELEE_ATTACK,actor,spiritbond,23,-0.009152810,0.990888949
MELEE_ATTACK,actor,spiritlink,24,0.009533052,1.009578637
MELEE_ATTACK,actor,spray,591,-0.072963275,0.929634970
MELEE_ATTACK,actor,stealammunition,204,0.052301445,1.053693326
MELEE_ATTACK,actor,stoning,53,-0.116208138,0.890289901
MELEE_ATTACK,actor,stormbolt,88,-0.026483090,0.973864512
MELEE_ATTACK,actor,stormstrike,91,0.007689162,1.007718800
MELEE_ATTACK,actor,strikeandreturn,1276,-0.015776154,0.984347638
MELEE_ATTACK,actor,sunsteed,26,0.022084914,1.022330591
MELEE_ATTACK,actor,swallowgoblin,87,-0.033548614,0.967007900
MELEE_ATTACK,actor,swiftattack,373,0.041107171,1.041963767
MELEE_ATTACK,actor,symbiosis,266,0.105836086,1.111639648
MELEE_ATTACK,actor,takeroots,56,0.025197378,1.025517515
MELEE_ATTACK,actor,tasteofblood,35,0.007812671,1.007843269
MELEE_ATTACK,actor,tasteofpain,67,0.022603780,1.022861181
MELEE_ATTACK,actor,taunt,37,0.043289398,1.044240052
MELEE_ATTACK,actor,teleport,775,0.047173233,1.048303594
MELEE_ATTACK,actor,threehead,29,0.001808512,1.001810148
MELEE_ATTACK,actor,torpor,175,-0.074659981,0.928058990
MELEE_ATTACK,actor,triplestrike,119,-0.040953444,0.959873816
MELEE_ATTACK,actor,twistedmind,83,0.041027958,1.041881234
MELEE_ATTACK,actor,undead,3357,-0.033614383,0.966944303
MELEE_ATTACK,actor,uretalation,404,-0.015188628,0.984926137
MELEE_ATTACK,actor,venom,92,0.033977265,1.034561086
MELEE_ATTACK,actor,viciousstrike,20,-0.014245619,0.985855370
MELEE_ATTACK,actor,voracious,30,-0.022233923,0.978011429
MELEE_ATTACK,actor,vulnerabilitytoair,501,-0.005174901,0.994838465
MELEE_ATTACK,actor,vulnerabilitytolight,916,0.044198918,1.045190242
MELEE_ATTACK,actor,vulnerabletoshadowmagic,51,-0.016855232,0.983286023
MELEE_ATTACK,actor,wailofthenetherworld,229,0.035526695,1.036165309
MELEE_ATTACK,actor,wardingarrows,50,0.049779811,1.051039644
MELEE_ATTACK,actor,warfury,29,0.002577564,1.002580889
MELEE_ATTACK,actor,waterflowsfreely,124,0.018999697,1.019181340
MELEE_ATTACK,actor,waterproof25,44,-0.022912551,0.977347948
MELEE_ATTACK,actor,waterproof50,513,-0.002524325,0.997478858
MELEE_ATTACK,actor,weakeningstrike,230,0.003482825,1.003488898
MELEE_ATTACK,actor,webbingspears,84,-0.027233212,0.973134268
MELEE_ATTACK,actor,wheelingattack,82,0.011132972,1.011195174
MELEE_ATTACK,actor,whipstrike,108,0.047753086,1.048911633
MELEE_ATTACK,target,acid_breath,143,-0.007602928,0.992425901
MELEE_ATTACK,target,agilesteed,47,0.046401770,1.047495178
MELEE_ATTACK,target,agility,48,-0.026935680,0.973423850
MELEE_ATTACK,target,alive,10747,-0.065567280,0.936536035
MELEE_ATTACK,target,allaroundslash,33,-0.016061294,0.984067000
MELEE_ATTACK,target,allslash,32,-0.011814235,0.988255279
MELEE_ATTACK,target,amphibian,587,-0.081750347,0.921501986
MELEE_ATTACK,target,armorpiercing,134,-0.115039262,0.891331148
MELEE_ATTACK,target,armoured,235,-0.031900168,0.968603275
MELEE_ATTACK,target,assault,145,-0.184089126,0.831861660
MELEE_ATTACK,target,attentive,49,0.078709545,1.081890037
MELEE_ATTACK,target,auraofairvul,56,-0.012575940,0.987502806
MELEE_ATTACK,target,auraofbravery,22,-0.054361970,0.947089227
MELEE_ATTACK,target,auraofdarkresistance,30,0.001035965,1.001036502
MELEE_ATTACK,target,auraoffirevul,60,0.000880193,1.000880581
MELEE_ATTACK,target,auraofres,126,-0.045370291,0.955643550
MELEE_ATTACK,target,auraofwatervul,56,-0.012575940,0.987502806
MELEE_ATTACK,target,balefulgaze,164,0.008809569,1.008848487
MELEE_ATTACK,target,battledive,65,-0.034746843,0.965849897
MELEE_ATTACK,target,battlefrenzy,58,-0.071271117,0.931209392
MELEE_ATTACK,target,battlethirst,28,0.019930564,1.020130503
MELEE_ATTACK,target,bearroar,36,-0.029077447,0.971341234
MELEE_ATTACK,target,berserkerrage,63,0.129966164,1.138789851
MELEE_ATTACK,target,big,6264,-0.018242166,0.981923215
MELEE_ATTACK,target,bladeofhatred,62,0.035672694,1.036316598
MELEE_ATTACK,target,bladeofjudgment,27,-0.050646478,0.950614674
MELEE_ATTACK,target,blindedbyrage,62,0.035672694,1.036316598
MELEE_ATTACK,target,blinding_attack,259,0.004149798,1.004158420
MELEE_ATTACK,target,blindingcharge,26,-0.025878517,0.974453462
MELEE_ATTACK,target,bloodfrenzy,61,0.029009002,1.029433861
MELEE_ATTACK,target,bloodlust,479,0.140809513,1.151205337
MELEE_ATTACK,target,boundlesshate,23,-0.019880840,0.980315481
MELEE_ATTACK,target,bravery,142,-0.000293469,0.999706574
MELEE_ATTACK,target,brittle,59,0.085372553,1.089122747
MELEE_ATTACK,target,burningfootsteps,152,0.052376559,1.053772476
MELEE_ATTACK,target,burningrage,23,0.010703022,1.010760504
MELEE_ATTACK,target,burstofenergy,64,0.043904604,1.044882672
MELEE_ATTACK,target,carrier,302,-0.088966801,0.914875946
MELEE_ATTACK,target,caster,1292,-0.009913418,0.990135558
MELEE_ATTACK,target,challenge,114,0.002297238,1.002299879
MELEE_ATTACK,target,championcharge,84,-0.072595994,0.929976470
MELEE_ATTACK,target,charge,41,-0.011936125,0.988134828
MELEE_ATTACK,target,childofthelight,205,0.037136415,1.037834587
MELEE_ATTACK,target,cleansinglight,35,-0.066533074,0.935631970
MELEE_ATTACK,target,cleave,207,-0.106974119,0.898548928
MELEE_ATTACK,target,confusionstrike,125,0.066966419,1.069259570
MELEE_ATTACK,target,cowardice,25,0.026757271,1.027118461
MELEE_ATTACK,target,crashingleap,52,-0.028215526,0.972178814
MELEE_ATTACK,target,cripplingtraps,105,0.043872904,1.044849551
MELEE_ATTACK,target,cripplingwound,268,0.010803524,1.010862093
MELEE_ATTACK,target,crossfire,54,0.020665066,1.020880067
MELEE_ATTACK,target,crushblow,89,0.118150231,1.125413171
MELEE_ATTACK,target,cursingattack,300,-0.078906397,0.924126422
MELEE_ATTACK,target,damtodefence,73,-0.272116937,0.761765177
MELEE_ATTACK,target,dancecombo,85,-0.067874325,0.934377894
MELEE_ATTACK,target,darkattack,46,-0.147536366,0.862831060
MELEE_ATTACK,target,deadflesh,21,-0.032936128,0.967600360
MELEE_ATTACK,target,deathattack,59,0.027590035,1.027974165
MELEE_ATTACK,target,deathcloud,100,-0.031890093,0.968613033
MELEE_ATTACK,target,deathstare,208,-0.127437278,0.880348632
MELEE_ATTACK,target,deathwail,96,-0.014796765,0.985312169
MELEE_ATTACK,target,defender,42,-0.067226199,0.934983685
MELEE_ATTACK,target,defiledcreature,54,0.010680370,1.010737608
MELEE_ATTACK,target,demon_resurrection,47,0.053127741,1.054564347
MELEE_ATTACK,target,demonic,343,0.110983874,1.117376888
MELEE_ATTACK,target,demoniclineage,336,0.021627380,1.021862947
MELEE_ATTACK,target,doublestrike,218,-0.159936503,0.852197899
MELEE_ATTACK,target,dragoncurse,30,0.014455618,1.014560606
MELEE_ATTACK,target,dualforms,164,0.008809569,1.008848487
MELEE_ATTACK,target,eaterofdarkness,62,-0.015814548,0.984309845
MELEE_ATTACK,target,eateroflight,90,0.012944459,1.013028601
MELEE_ATTACK,target,eclipse,217,0.084024879,1.087655953
MELEE_ATTACK,target,elemental,641,0.127130238,1.135564902
MELEE_ATTACK,target,enchantedarmor,20,0.050182231,1.051462688
MELEE_ATTACK,target,endurance,69,0.019112264,1.019296072
MELEE_ATTACK,target,enraged,1488,0.017580090,1.017735530
MELEE_ATTACK,target,entrenchment,50,-0.101007904,0.903925888
MELEE_ATTACK,target,entroots,265,-0.050270821,0.950971847
MELEE_ATTACK,target,evileye,33,-0.098122164,0.906538151
MELEE_ATTACK,target,explodingspikes,41,0.011536545,1.011603347
MELEE_ATTACK,target,eyeofgluttony,78,0.033096348,1.033650124
MELEE_ATTACK,target,eyesofthemedusa,39,0.004473389,1.004483409
MELEE_ATTACK,target,fearattack,138,-0.018400494,0.981767762
MELEE_ATTACK,target,feralcharge,38,0.001713236,1.001714704
MELEE_ATTACK,target,ferociouswound,279,0.051890471,1.053260373
MELEE_ATTACK,target,festeringaura,154,0.033164199,1.033720261
MELEE_ATTACK,target,fierceretaliation,20,0.016603208,1.016741807
MELEE_ATTACK,target,fire_breath,221,-0.049300293,0.951895239
MELEE_ATTACK,target,fireattack,178,-0.000893214,0.999107185
MELEE_ATTACK,target,fireproof25,468,0.120145972,1.127661447
MELEE_ATTACK,target,fireproof50,163,0.027938048,1.028331975
MELEE_ATTACK,target,fireprskin,533,0.041166662,1.042025758
MELEE_ATTACK,target,fireshield,74,-0.056997018,0.944596886
MELEE_ATTACK,target,flyer,3868,-0.034157979,0.966418819
MELEE_ATTACK,target,forbiddenspell,24,-0.004149299,0.995859298
MELEE_ATTACK,target,forcearrow,36,0.054232188,1.055729701
MELEE_ATTACK,target,fourwaves,61,0.017412188,1.017564663
MELEE_ATTACK,target,frightful_aura,209,-0.013168436,0.986917888
MELEE_ATTACK,target,frozencaress,31,-0.014207412,0.985893037
MELEE_ATTACK,target,frozentouch,61,0.039193570,1.039971772
MELEE_ATTACK,target,giantkiller,216,0.008573427,1.008610284
MELEE_ATTACK,target,goblinthrower,122,0.020028067,1.020229975
MELEE_ATTACK,target,hailstormaura,65,0.002577831,1.002581157
MELEE_ATTACK,target,harmtouch,155,-0.199481758,0.819155164
MELEE_ATTACK,target,hatefulretaliation,62,0.035672694,1.036316598
MELEE_ATTACK,target,heal5,43,-0.100590977,0.904302838
MELEE_ATTACK,target,heavystep,96,0.057271976,1.058943778
MELEE_ATTACK,target,hexingattack,115,0.032247556,1.032773143
MELEE_ATTACK,target,hidden,817,-0.076850810,0.926027998
MELEE_ATTACK,target,holdground,45,-0.004675782,0.995335132
MELEE_ATTACK,target,hollowbones,520,-0.006388238,0.993632123
MELEE_ATTACK,target,iair,47,0.037814430,1.038538493
MELEE_ATTACK,target,iblind,161,-0.007995212,0.992036665
MELEE_ATTACK,target,icedbreath,80,-0.030315625,0.970139285
MELEE_ATTACK,target,icold,212,0.112774663,1.119379666
MELEE_ATTACK,target,iearth,295,0.046791515,1.047903514
MELEE_ATTACK,target,ifire,489,-0.079210609,0.923845334
MELEE_ATTACK,target,ifrenzy,62,0.017397147,1.017549359
MELEE_ATTACK,target,ignoreattack20,25,-0.024377456,0.975917274
MELEE_ATTACK,target,ignoreattack40,28,-0.070400098,0.932020846
MELEE_ATTACK,target,ignoredefence10,45,0.001303164,1.001304014
MELEE_ATTACK,target,ignoredefence15,34,0.052593332,1.054000930
MELEE_ATTACK,target,ignoredefence20,310,-0.070775707,0.931670836
MELEE_ATTACK,target,ignoredefence25,56,0.012905067,1.012988697
MELEE_ATTACK,target,ignoredefence30,72,-0.051289423,0.950003677
MELEE_ATTACK,target,ignoredefence40,181,-0.147241434,0.863085574
MELEE_ATTACK,target,ignoredefence60,49,0.024608796,1.024914092
MELEE_ATTACK,target,ilighting,241,0.007964085,1.007995883
MELEE_ATTACK,target,imind,233,0.068013750,1.070380026
MELEE_ATTACK,target,immaterial,226,0.044755654,1.045772299
MELEE_ATTACK,target,immunetoweakness,76,0.008189716,1.008223344
MELEE_ATTACK,target,immunity,102,0.032273336,1.032799768
MELEE_ATTACK,target,impervioustopain,74,0.023429465,1.023706091
MELEE_ATTACK,target,incorporeal,156,-0.045150084,0.955854013
MELEE_ATTACK,target,invisibility,41,0.015745782,1.015870400
MELEE_ATTACK,target,islow,174,0.064562179,1.066691902
MELEE_ATTACK,target,jousting,172,0.003027342,1.003031929
MELEE_ATTACK,target,layhands,62,0.017397147,1.017549359
MELEE_ATTACK,target,leap6,32,-0.020781493,0.979432954
MELEE_ATTACK,target,lifedrain,492,-0.171552685,0.842355887
MELEE_ATTACK,target,lifeguardmembrane,33,-0.044885561,0.956106892
MELEE_ATTACK,target,lighting_attack,62,0.023194336,1.023465416
MELEE_ATTACK,target,lizardbite,107,0.102723158,1.108184575
MELEE_ATTACK,target,lshield,421,0.064933247,1.067087790
MELEE_ATTACK,target,mag,313,0.014210691,1.014312143
MELEE_ATTACK,target,magicattack,48,-0.001057388,0.998943171
MELEE_ATTACK,target,magicproof20,39,0.028867438,1.029288141
MELEE_ATTACK,target,magicproof25,111,0.013875140,1.013971847
MELEE_ATTACK,target,magicproof50,443,0.121732750,1.129452215
MELEE_ATTACK,target,magmashield,61,-0.044779412,0.956208387
MELEE_ATTACK,target,magnetism,20,0.050182231,1.051462688
MELEE_ATTACK,target,manadrain,108,-0.091972194,0.912130512
MELEE_ATTACK,target,manafeed,28,-0.003990896,0.996017057
MELEE_ATTACK,target,manaleech,94,0.096172354,1.100948801
MELEE_ATTACK,target,maneuver,195,-0.101185161,0.903765675
MELEE_ATTACK,target,maniaclaughter,67,-0.015367318,0.984750157
MELEE_ATTACK,target,markoffire,86,0.062663599,1.064668623
MELEE_ATTACK,target,mechanical,245,0.008315044,1.008349710
MELEE_ATTACK,target,menacinglook,22,-0.046576658,0.954491389
MELEE_ATTACK,target,mightyslam,171,0.002659469,1.002663008
MELEE_ATTACK,target,mobileshooter,36,-0.007924711,0.992106606
MELEE_ATTACK,target,moraler,32,0.050153533,1.051432514
MELEE_ATTACK,target,nonshiftable,28,0.044903013,1.045926414
MELEE_ATTACK,target,nopenalty,625,0.000172753,1.000172768
MELEE_ATTACK,target,norangepenalty,687,0.061889744,1.063845043
MELEE_ATTACK,target,noretalation,1066,-0.005902741,0.994114646
MELEE_ATTACK,target,noselfret,183,-0.003532121,0.996474110
MELEE_ATTACK,target,organicarmor,92,-0.055577775,0.945938450
MELEE_ATTACK,target,packboss,52,0.037802800,1.038526415
MELEE_ATTACK,target,packhunter,45,0.045641203,1.046698791
MELEE_ATTACK,target,packpower,110,0.072062131,1.074722116
MELEE_ATTACK,target,packraid,110,0.072062131,1.074722116
MELEE_ATTACK,target,painmirror,46,-0.071036079,0.931428287
MELEE_ATTACK,target,paralyzing,23,0.001900416,1.001902222
MELEE_ATTACK,target,patience,29,0.040743541,1.041584948
MELEE_ATTACK,target,pawstrike,126,0.039227974,1.040007551
MELEE_ATTACK,target,piercingbolt,76,-0.074842474,0.927889641
MELEE_ATTACK,target,pirate,667,-0.039964697,0.960823358
MELEE_ATTACK,target,pleasureinpain,48,-0.057953803,0.943693542
MELEE_ATTACK,target,poisonattack,119,-0.023967598,0.976317344
MELEE_ATTACK,target,portal,122,0.023704921,1.023988116
MELEE_ATTACK,target,powerfulrecoil,20,0.008354437,1.008389433
MELEE_ATTACK,target,powerstrike,148,-0.179287725,0.835865365
MELEE_ATTACK,target,preciseshot,45,0.017865083,1.018025618
MELEE_ATTACK,target,prismaticbreath,37,-0.011555427,0.988511080
MELEE_ATTACK,target,proliferation,47,0.042263464,1.043169280
MELEE_ATTACK,target,purge,73,0.087636946,1.091591743
MELEE_ATTACK,target,pyromancer,205,0.054114857,1.055605839
MELEE_ATTACK,target,rageagainsttheliving,25,-0.024928897,0.975379262
MELEE_ATTACK,target,rageoftheforest,41,0.002844978,1.002849029
MELEE_ATTACK,target,ragingblood,457,-0.500000000,0.606530660
MELEE_ATTACK,target,rangedretaliation,27,0.002335438,1.002338167
MELEE_ATTACK,target,rangepenalty,145,0.067695315,1.070039234
MELEE_ATTACK,target,raptureinagony,30,-0.064552932,0.937486490
MELEE_ATTACK,target,rebirth50,23,-0.029421777,0.971006830
MELEE_ATTACK,target,regeneration,90,0.050757434,1.052067666
MELEE_ATTACK,target,resistanttocurses,47,-0.013183535,0.986902988
MELEE_ATTACK,target,resurrection,34,0.013677099,1.013771059
MELEE_ATTACK,target,retractablespikes,63,0.020155119,1.020359605
MELEE_ATTACK,target,ridercharge,80,0.007836145,1.007866928
MELEE_ATTACK,target,rushdave,58,-0.071271117,0.931209392
MELEE_ATTACK,target,sacredweapon,22,0.027438606,1.027818511
MELEE_ATTACK,target,sacrificegoblin,36,-0.012519746,0.987558300
MELEE_ATTACK,target,safeposition,65,0.065928038,1.068149849
MELEE_ATTACK,target,scarablarvae,21,-0.016367258,0.983765958
MELEE_ATTACK,target,scarablarvaeup,30,0.012424750,1.012502258
MELEE_ATTACK,target,scattershot,43,0.046013212,1.047088245
MELEE_ATTACK,target,scavenger,60,0.085943465,1.089744718
MELEE_ATTACK,target,shieldbash,671,0.085912560,1.089711040
MELEE_ATTACK,target,shielded,408,0.116113736,1.123123605
MELEE_ATTACK,target,shieldguard,46,-0.075055049,0.927692416
MELEE_ATTACK,target,shieldother,134,-0.011434907,0.988630223
MELEE_ATTACK,target,shieldwall,71,-0.103528329,0.901650480
MELEE_ATTACK,target,shootbash,141,-0.074068023,0.928608524
MELEE_ATTACK,target,shooter,3429,-0.051988020,0.949340240
MELEE_ATTACK,target,shootonly,183,-0.003532121,0.996474110
MELEE_ATTACK,target,siegewalls,21,-0.000421159,0.999578929
MELEE_ATTACK,target,six_heads,56,0.102543031,1.107984978
MELEE_ATTACK,target,slam,69,-0.032799262,0.967732801
MELEE_ATTACK,target,sorrowstrike,117,-0.004159351,0.995849288
MELEE_ATTACK,target,speedoflight,41,-0.048353393,0.952797016
MELEE_ATTACK,target,spider,119,0.058071051,1.059790292
MELEE_ATTACK,target,spirit,507,0.044326704,1.045323811
MELEE_ATTACK,target,spiritbond,24,-0.042842805,0.958061981
MELEE_ATTACK,target,spiritlink,22,-0.028193274,0.972200448
MELEE_ATTACK,target,spray,302,0.113098887,1.119742656
MELEE_ATTACK,target,statix,155,-0.008761619,0.991276652
MELEE_ATTACK,target,stealammunition,32,0.047558352,1.048707394
MELEE_ATTACK,target,stoning,102,0.110548326,1.116890323
MELEE_ATTACK,target,stormbolt,126,-0.017120640,0.983025085
MELEE_ATTACK,target,stormstrike,130,-0.020327029,0.979878172
MELEE_ATTACK,target,strikeandreturn,321,0.023048649,1.023316322
MELEE_ATTACK,target,sunsteed,26,-0.025878517,0.974453462
MELEE_ATTACK,target,swallowgoblin,122,0.020028067,1.020229975
MELEE_ATTACK,target,swiftattack,108,-0.099920005,0.904909803
MELEE_ATTACK,target,symbiosis,125,0.010758938,1.010817024
MELEE_ATTACK,target,takeroots,84,-0.095595287,0.908831757
MELEE_ATTACK,target,tasteofblood,82,0.036087349,1.036746402
MELEE_ATTACK,target,tasteofdarkness,21,-0.002666183,0.997337368
MELEE_ATTACK,target,tasteofpain,104,0.031691664,1.032199192
MELEE_ATTACK,target,taunt,34,0.053578378,1.055039680
MELEE_ATTACK,target,teleport,907,-0.037124273,0.963556384
MELEE_ATTACK,target,threehead,55,0.029893365,1.030344657
MELEE_ATTACK,target,torpor,225,0.123747145,1.131729672
MELEE_ATTACK,target,triplestrike,84,-0.098568780,0.906133366
MELEE_ATTACK,target,twistedmind,146,0.032226867,1.032751776
MELEE_ATTACK,target,undead,3169,-0.017835477,0.982322634
MELEE_ATTACK,target,undeadkiller,32,0.053274647,1.054719281
MELEE_ATTACK,target,uretalation,492,0.015202844,1.015318995
MELEE_ATTACK,target,venom,114,-0.012181685,0.987892211
MELEE_ATTACK,target,viciousstrike,60,0.011011627,1.011072479
MELEE_ATTACK,target,vigilantscout,67,0.066461169,1.068719463
MELEE_ATTACK,target,voracious,45,0.046272066,1.047359323
MELEE_ATTACK,target,vulnerabilitytoair,587,-0.081750347,0.921501986
MELEE_ATTACK,target,vulnerabilitytofire,47,0.033244472,1.033803244
MELEE_ATTACK,target,vulnerabilitytolight,1350,-0.035684147,0.964945026
MELEE_ATTACK,target,vulnerabletoshadowmagic,35,-0.066533074,0.935631970
MELEE_ATTACK,target,wailofthenetherworld,166,-0.035655643,0.964972531
MELEE_ATTACK,target,wardingarrows,41,0.025020075,1.025335704
MELEE_ATTACK,target,warfury,71,-0.014348059,0.985754384
MELEE_ATTACK,target,warmachine,50,-0.021841004,0.978395783
MELEE_ATTACK,target,waterflowsfreely,122,0.003270665,1.003276020
MELEE_ATTACK,target,waterproof25,90,0.012944459,1.013028601
MELEE_ATTACK,target,waterproof50,616,-0.041006806,0.959822598
MELEE_ATTACK,target,wavesofrenewal,68,-0.007908712,0.992122480
MELEE_ATTACK,target,weakeningstrike,227,-0.205229109,0.814460695
MELEE_ATTACK,target,webbingspears,160,-0.019300306,0.980884752
MELEE_ATTACK,target,whipstrike,62,0.039364092,1.040149125
MELEE_ATTACK,target,widesweep,52,0.037802800,1.038526415
RANGED_ATTACK,actor,alive,6648,-0.010094555,0.989956224
RANGED_ATTACK,actor,amphibian,194,-0.028594692,0.971810267
RANGED_ATTACK,actor,armorpiercing,278,-0.018676121,0.981497197
RANGED_ATTACK,actor,armoured,66,0.024233188,1.024529198
RANGED_ATTACK,actor,auraoffirevul,41,0.061298705,1.063216455
RANGED_ATTACK,actor,balefulgaze,175,-0.020583139,0.979627248
RANGED_ATTACK,actor,big,908,-0.035614878,0.965011870
RANGED_ATTACK,actor,bloodlust,542,0.136965644,1.146788749
RANGED_ATTACK,actor,bravery,208,-0.095274194,0.909123624
RANGED_ATTACK,actor,burningfootsteps,20,-0.087829097,0.915917397
RANGED_ATTACK,actor,burningrage,30,0.006252687,1.006272275
RANGED_ATTACK,actor,caster,1379,-0.039313197,0.961449539
RANGED_ATTACK,actor,channeling,81,0.037576580,1.038291507
RANGED_ATTACK,actor,cripplingtraps,184,-0.010892835,0.989166277
RANGED_ATTACK,actor,cripplingwound,126,0.095297842,1.099986429
RANGED_ATTACK,actor,crossfire,138,0.014139852,1.014240292
RANGED_ATTACK,actor,dampenmagic,24,0.056202710,1.057812091
RANGED_ATTACK,actor,deathcloud,147,0.034725568,1.035335541
RANGED_ATTACK,actor,demonic,38,-0.095261391,0.909135264
RANGED_ATTACK,actor,demoniclineage,214,-0.004640148,0.995370601
RANGED_ATTACK,actor,doubleshoot,460,-0.037231186,0.963453373
RANGED_ATTACK,actor,doublestrike,284,0.019232125,1.019418253
RANGED_ATTACK,actor,dualforms,175,-0.020583139,0.979627248
RANGED_ATTACK,actor,eclipse,53,-0.034663262,0.965930627
RANGED_ATTACK,actor,elemental,237,-0.053900887,0.947526014
RANGED_ATTACK,actor,enraged,85,0.025982410,1.026322896
RANGED_ATTACK,actor,eyesofthemedusa,56,-0.008709008,0.991328805
RANGED_ATTACK,actor,fireproof25,81,-0.037716430,0.962985976
RANGED_ATTACK,actor,fireproof50,21,-0.082497767,0.920813494
RANGED_ATTACK,actor,fireprskin,300,0.021569463,1.021803766
RANGED_ATTACK,actor,fireshield,229,-0.022660529,0.977594292
RANGED_ATTACK,actor,flyer,164,-0.014124334,0.985974947
RANGED_ATTACK,actor,forcearrow,885,0.065510336,1.067703774
RANGED_ATTACK,actor,frozencaress,62,0.010594704,1.010651027
RANGED_ATTACK,actor,frozentouch,42,-0.021541033,0.978689318
RANGED_ATTACK,actor,giantkiller,376,-0.176100783,0.838533469
RANGED_ATTACK,actor,harpoonstrike,54,0.030330703,1.030795365
RANGED_ATTACK,actor,hidden,539,-0.043643571,0.957295104
RANGED_ATTACK,actor,hollowbones,364,-0.023060432,0.977203427
RANGED_ATTACK,actor,ifire,408,0.052778027,1.054195617
RANGED_ATTACK,actor,ignoredefence20,478,-0.023845553,0.976436506
RANGED_ATTACK,actor,ignoredefence30,102,0.044529458,1.045535776
RANGED_ATTACK,actor,imind,52,0.051116075,1.052445049
RANGED_ATTACK,actor,impervioustopain,30,0.006252687,1.006272275
RANGED_ATTACK,actor,mag,647,0.054844948,1.056376809
RANGED_ATTACK,actor,magicattack,28,0.032492238,1.033025874
RANGED_ATTACK,actor,magicmine,61,0.062317960,1.064300696
RANGED_ATTACK,actor,magicproof50,33,0.201727147,1.223514123
RANGED_ATTACK,actor,manafeed,349,-0.047316428,0.953785546
RANGED_ATTACK,actor,manaleech,149,0.025800496,1.026136210
RANGED_ATTACK,actor,maneuver,282,0.023763348,1.024047946
RANGED_ATTACK,actor,markoffire,162,0.018106294,1.018271207
RANGED_ATTACK,actor,mechanical,349,0.057517687,1.059204005
RANGED_ATTACK,actor,mightyslam,30,0.006252687,1.006272275
RANGED_ATTACK,actor,mobileshooter,73,0.013174837,1.013262008
RANGED_ATTACK,actor,nopenalty,1123,-0.082783593,0.920550339
RANGED_ATTACK,actor,norangepenalty,2167,-0.021364122,0.978862474
RANGED_ATTACK,actor,noretalation,29,0.047761813,1.048920786
RANGED_ATTACK,actor,noselfret,346,0.047746036,1.048904237
RANGED_ATTACK,actor,piercingbolt,166,0.036538775,1.037214521
RANGED_ATTACK,actor,pirate,466,0.055856421,1.057445846
RANGED_ATTACK,actor,pleasureinpain,80,0.003123983,1.003128867
RANGED_ATTACK,actor,poisonattack,28,0.008442830,1.008478571
RANGED_ATTACK,actor,powerfulrecoil,31,-0.023917868,0.976365898
RANGED_ATTACK,actor,preciseshot,111,-0.053308693,0.948087300
RANGED_ATTACK,actor,proliferation,86,0.036028069,1.036684945
RANGED_ATTACK,actor,purge,116,0.020615093,1.020829051
RANGED_ATTACK,actor,pyromancer,45,-0.147951150,0.862473246
RANGED_ATTACK,actor,ragingblood,157,0.107065838,1.113007531
RANGED_ATTACK,actor,raptureinagony,71,-0.007355015,0.992671966
RANGED_ATTACK,actor,shielded,27,-0.078289238,0.924696931
RANGED_ATTACK,actor,shootbash,280,0.021297022,1.021525422
RANGED_ATTACK,actor,shooter,8326,-0.021962974,0.978276456
RANGED_ATTACK,actor,shootonly,346,0.047746036,1.048904237
RANGED_ATTACK,actor,siegewalls,149,0.050220287,1.051502703
RANGED_ATTACK,actor,sorcererslayer,25,0.032956250,1.033505323
RANGED_ATTACK,actor,spirit,175,-0.020583139,0.979627248
RANGED_ATTACK,actor,twistedmind,23,-0.001364888,0.998636043
RANGED_ATTACK,actor,undead,1258,0.013109210,1.013195513
RANGED_ATTACK,actor,venom,21,-0.056883841,0.944703798
RANGED_ATTACK,actor,viciousstrike,91,-0.033050919,0.967489295
RANGED_ATTACK,actor,vigilantscout,143,-0.001396044,0.998604930
RANGED_ATTACK,actor,vulnerabilitytoair,194,-0.028594692,0.971810267
RANGED_ATTACK,actor,vulnerabilitytolight,839,-0.022074108,0.978167743
RANGED_ATTACK,actor,wardingarrows,712,0.008106120,1.008139064
RANGED_ATTACK,actor,waterproof50,194,-0.028594692,0.971810267
RANGED_ATTACK,actor,wavesofrenewal,90,-0.017648364,0.982506457
RANGED_ATTACK,actor,webbingspears,149,0.005038522,1.005051237
RANGED_ATTACK,actor,whipstrike,188,0.048477101,1.049671336
RANGED_ATTACK,target,agilesteed,41,-0.002881381,0.997122766
RANGED_ATTACK,target,alive,6030,-0.011185963,0.988876368
RANGED_ATTACK,target,amphibian,280,-0.050365210,0.950882089
RANGED_ATTACK,target,armordamage20,27,-0.053585271,0.947825116
RANGED_ATTACK,target,armorpiercing,117,-0.113943701,0.892308191
RANGED_ATTACK,target,armoured,136,0.085171395,1.088903683
RANGED_ATTACK,target,assault,110,-0.089610628,0.914287114
RANGED_ATTACK,target,attentive,30,0.014940923,1.015053097
RANGED_ATTACK,target,balefulgaze,110,-0.017469642,0.982682067
RANGED_ATTACK,target,battledive,39,-0.031272568,0.969211361
RANGED_ATTACK,target,battlefrenzy,20,-0.115958398,0.890512270
RANGED_ATTACK,target,battlethirst,32,0.091314019,1.095612994
RANGED_ATTACK,target,big,2685,0.033531720,1.034100245
RANGED_ATTACK,target,bindshot,32,0.041762004,1.042646304
RANGED_ATTACK,target,bladeofhatred,24,0.020543532,1.020756003
RANGED_ATTACK,target,blindedbyrage,24,0.020543532,1.020756003
RANGED_ATTACK,target,blinding_attack,37,-0.013726060,0.986367713
RANGED_ATTACK,target,bloodfrenzy,36,0.057986478,1.059700666
RANGED_ATTACK,target,bloodlust,383,0.053431644,1.054884881
RANGED_ATTACK,target,bravery,91,0.068051380,1.070420305
RANGED_ATTACK,target,brittle,48,0.016582617,1.016720871
RANGED_ATTACK,target,burningfootsteps,38,-0.010060310,0.989990126
RANGED_ATTACK,target,burstofenergy,34,-0.012797158,0.987284378
RANGED_ATTACK,target,carrier,31,0.036929649,1.037620021
RANGED_ATTACK,target,caster,860,-0.014566922,0.985538663
RANGED_ATTACK,target,challenge,31,-0.015772961,0.984350781
RANGED_ATTACK,target,chameleon,28,-0.055320386,0.946181956
RANGED_ATTACK,target,childofthelight,42,-0.038032503,0.962681651
RANGED_ATTACK,target,cleansinglight,22,-0.036703558,0.963961852
RANGED_ATTACK,target,cleave,233,-0.500000000,0.606530660
RANGED_ATTACK,target,confusionstrike,38,-0.053924715,0.947503437
RANGED_ATTACK,target,cowardice,23,-0.010304994,0.989747921
RANGED_ATTACK,target,crashingleap,20,-0.013359723,0.986729122
RANGED_ATTACK,target,cripplingtraps,92,0.041929732,1.042821199
RANGED_ATTACK,target,cripplingwound,186,-0.002957895,0.997046475
RANGED_ATTACK,target,crossfire,74,0.017386462,1.017538487
RANGED_ATTACK,target,crushblow,67,0.031384632,1.031882322
RANGED_ATTACK,target,cursingattack,102,-0.012954311,0.987129235
RANGED_ATTACK,target,dancecombo,35,0.044509093,1.045514484
RANGED_ATTACK,target,deathattack,43,0.002199155,1.002201575
RANGED_ATTACK,target,deathcloud,196,-0.133213704,0.875278022
RANGED_ATTACK,target,deathstare,40,-0.039409724,0.961356738
RANGED_ATTACK,target,deathwail,28,-0.003249314,0.996755960
RANGED_ATTACK,target,defiledcreature,44,-0.020190377,0.980012083
RANGED_ATTACK,target,demon_resurrection,21,0.001875151,1.001876910
RANGED_ATTACK,target,demonic,244,0.108226941,1.114300597
RANGED_ATTACK,target,demoniclineage,185,-0.145023107,0.865002305
RANGED_ATTACK,target,doubleshoot,67,0.026902175,1.027267305
RANGED_ATTACK,target,doublestrike,163,-0.284578255,0.752331480
RANGED_ATTACK,target,dragoncurse,21,0.054801322,1.056330724
RANGED_ATTACK,target,dualforms,110,-0.017469642,0.982682067
RANGED_ATTACK,target,eaterofdarkness,30,0.022857341,1.023120572
RANGED_ATTACK,target,eateroflight,36,0.027453905,1.027834236
RANGED_ATTACK,target,eclipse,60,0.019532799,1.019724812
RANGED_ATTACK,target,elemental,262,0.071322000,1.073926975
RANGED_ATTACK,target,endurance,65,0.026662623,1.027021251
RANGED_ATTACK,target,energychannel,26,0.015982933,1.016111343
RANGED_ATTACK,target,enraged,677,0.097967925,1.102927408
RANGED_ATTACK,target,entrenchment,24,-0.004482792,0.995527241
RANGED_ATTACK,target,entroots,94,0.042681307,1.043605252
RANGED_ATTACK,target,eyeofgluttony,21,-0.032608803,0.967917131
RANGED_ATTACK,target,eyesofthemedusa,21,-0.032153823,0.968357615
RANGED_ATTACK,target,fearattack,97,-0.155727025,0.855792768
RANGED_ATTACK,target,ferociouswound,127,0.059523413,1.061330610
RANGED_ATTACK,target,festeringaura,91,0.073641331,1.076420658
RANGED_ATTACK,target,fire_breath,32,0.041956866,1.042849496
RANGED_ATTACK,target,fireproof25,196,-0.053433199,0.947969265
RANGED_ATTACK,target,fireproof50,45,0.025523753,1.025852273
RANGED_ATTACK,target,fireprskin,285,-0.028780835,0.971629388
RANGED_ATTACK,target,fireshield,27,0.036422736,1.037094171
RANGED_ATTACK,target,firewallshooter,22,0.069780318,1.072272597
RANGED_ATTACK,target,firstshot,21,-0.010553295,0.989502195
RANGED_ATTACK,target,flyer,1442,0.010823937,1.010882727
RANGED_ATTACK,target,forcearrow,61,0.078219814,1.081360330
RANGED_ATTACK,target,frightful_aura,74,0.092240105,1.096628096
RANGED_ATTACK,target,frozencaress,23,-0.017243424,0.982904393
RANGED_ATTACK,target,frozentouch,36,0.011854895,1.011925443
RANGED_ATTACK,target,giantkiller,124,-0.046525105,0.954540597
RANGED_ATTACK,target,goblinthrower,69,0.035239704,1.035867981
RANGED_ATTACK,target,hailstormaura,27,-0.006012651,0.994005388
RANGED_ATTACK,target,harmtouch,38,-0.097891146,0.906747602
RANGED_ATTACK,target,hatefulretaliation,24,0.020543532,1.020756003
RANGED_ATTACK,target,heavystep,26,-0.014750248,0.985358004
RANGED_ATTACK,target,hexingattack,82,-0.131693397,0.876609725
RANGED_ATTACK,target,hidden,511,-0.026085561,0.974251728
RANGED_ATTACK,target,hollowbones,344,-0.018603826,0.981568157
RANGED_ATTACK,target,iblind,86,-0.039011739,0.961739419
RANGED_ATTACK,target,icedbreath,26,0.018837650,1.019016197
RANGED_ATTACK,target,icold,90,0.058123225,1.059845587
RANGED_ATTACK,target,iearth,100,0.036878477,1.037566925
RANGED_ATTACK,target,ifire,182,-0.004485642,0.995524404
RANGED_ATTACK,target,ignoredefence10,20,-0.072285987,0.930264814
RANGED_ATTACK,target,ignoredefence15,27,0.060536533,1.062406409
RANGED_ATTACK,target,ignoredefence20,179,0.005825673,1.005842675
RANGED_ATTACK,target,ignoredefence25,44,-0.020190377,0.980012083
RANGED_ATTACK,target,ignoredefence30,87,0.082786975,1.086310373
RANGED_ATTACK,target,ignoredefence40,33,0.011573595,1.011640828
RANGED_ATTACK,target,ilighting,100,-0.009156392,0.990885400
RANGED_ATTACK,target,imind,81,0.145251118,1.156329909
RANGED_ATTACK,target,immaterial,108,0.033834436,1.034413331
RANGED_ATTACK,target,immunetoweakness,73,-0.010506674,0.989548329
RANGED_ATTACK,target,immunity,21,0.049877758,1.051142595
RANGED_ATTACK,target,impervioustopain,38,-0.030388242,0.970068839
RANGED_ATTACK,target,incorporeal,65,0.001464726,1.001465800
RANGED_ATTACK,target,invisibility,31,-0.042547021,0.958345402
RANGED_ATTACK,target,islow,65,0.023826429,1.024112546
RANGED_ATTACK,target,jousting,38,0.045817131,1.046882951
RANGED_ATTACK,target,leap,26,-0.021614956,0.978616973
RANGED_ATTACK,target,lifedrain,180,-0.143765980,0.866090407
RANGED_ATTACK,target,liquidflamebreath,23,-0.039076272,0.961677357
RANGED_ATTACK,target,lizardbite,54,0.117502949,1.124684946
RANGED_ATTACK,target,lshield,141,-0.044252831,0.956712040
RANGED_ATTACK,target,mag,370,0.020122080,1.020325894
RANGED_ATTACK,target,magicattack,37,0.056193183,1.057802014
RANGED_ATTACK,target,magicproof25,79,-0.053115837,0.948270162
RANGED_ATTACK,target,magicproof50,222,-0.010479256,0.989575460
RANGED_ATTACK,target,manadrain,35,0.016689711,1.016829762
RANGED_ATTACK,target,manaleech,64,0.016024958,1.016154046
RANGED_ATTACK,target,maneuver,115,-0.066222660,0.935922449
RANGED_ATTACK,target,maniaclaughter,25,-0.000750585,0.999249697
RANGED_ATTACK,target,markoffire,91,0.027698181,1.028085342
RANGED_ATTACK,target,mechanical,111,-0.077919008,0.925039344
RANGED_ATTACK,target,menacinglook,30,0.024128693,1.024422146
RANGED_ATTACK,target,mightyslam,77,-0.045658318,0.955368339
RANGED_ATTACK,target,mobileshooter,24,-0.013881276,0.986214625
RANGED_ATTACK,target,moraler,27,0.003778786,1.003785935
RANGED_ATTACK,target,nonshiftable,20,0.016874136,1.017017308
RANGED_ATTACK,target,nopenalty,505,0.076846048,1.079875814
RANGED_ATTACK,target,norangepenalty,668,0.047834362,1.048996887
RANGED_ATTACK,target,noretalation,675,-0.030342493,0.970113220
RANGED_ATTACK,target,noselfret,86,-0.147927549,0.862493601
RANGED_ATTACK,target,organicarmor,63,-0.224380548,0.799011014
RANGED_ATTACK,target,packboss,41,-0.011557826,0.988508709
RANGED_ATTACK,target,packhunter,34,0.034414693,1.035013731
RANGED_ATTACK,target,packpower,110,0.033230919,1.033789233
RANGED_ATTACK,target,packraid,110,0.033230919,1.033789233
RANGED_ATTACK,target,paralyzing,24,0.024852709,1.025164112
RANGED_ATTACK,target,patience,24,0.059626063,1.061439561
RANGED_ATTACK,target,pawstrike,55,0.047948151,1.049116258
RANGED_ATTACK,target,piercingbolt,93,0.027943560,1.028337643
RANGED_ATTACK,target,pirate,707,-0.407993449,0.664983235
RANGED_ATTACK,target,pleasureinpain,51,-0.031965818,0.968539688
RANGED_ATTACK,target,poisonattack,94,0.041963315,1.042856221
RANGED_ATTACK,target,portal,54,-0.035075363,0.965532648
RANGED_ATTACK,target,powerfulrecoil,33,0.107497037,1.113487562
RANGED_ATTACK,target,powerstrike,40,0.030014035,1.030468996
RANGED_ATTACK,target,preciseshot,76,-0.073062755,0.929542494
RANGED_ATTACK,target,proliferation,30,0.026520007,1.026874792
RANGED_ATTACK,target,purge,34,-0.026848934,0.973508295
RANGED_ATTACK,target,pyromancer,73,0.022866861,1.023130312
RANGED_ATTACK,target,ragingblood,222,-0.393448668,0.674725952
RANGED_ATTACK,target,rangedretaliation,24,0.026203598,1.026549931
RANGED_ATTACK,target,rangepenalty,82,0.035270093,1.035899460
RANGED_ATTACK,target,raptureinagony,48,-0.056119812,0.945425856
RANGED_ATTACK,target,regeneration,44,-0.001191115,0.998809594
RANGED_ATTACK,target,resistanttocurses,21,-0.006002108,0.994015868
RANGED_ATTACK,target,ridercharge,29,0.008336291,1.008371135
RANGED_ATTACK,target,rushdave,20,-0.115958398,0.890512270
RANGED_ATTACK,target,safeposition,50,0.023313468,1.023587351
RANGED_ATTACK,target,scattershot,85,0.128831169,1.137498063
RANGED_ATTACK,target,shadowattack,22,0.075614370,1.078546574
RANGED_ATTACK,target,shieldbash,371,0.118697433,1.126029167
RANGED_ATTACK,target,shielded,230,0.036761026,1.037445069
RANGED_ATTACK,target,shieldother,55,-0.136167626,0.872696333
RANGED_ATTACK,target,shieldwall,29,0.039263075,1.040044057
RANGED_ATTACK,target,shootbash,45,-0.016730750,0.983408432
RANGED_ATTACK,target,shooter,3285,0.017270559,1.017420557
RANGED_ATTACK,target,shootonly,86,-0.147927549,0.862493601
RANGED_ATTACK,target,six_heads,26,0.019218869,1.019404741
RANGED_ATTACK,target,slam,72,-0.115840432,0.890617326
RANGED_ATTACK,target,snakereflexes,43,0.039821828,1.040625348
RANGED_ATTACK,target,sorrowstrike,32,0.020678692,1.020893977
RANGED_ATTACK,target,speedoflight,25,-0.023832506,0.976449245
RANGED_ATTACK,target,spider,79,0.006329214,1.006349286
RANGED_ATTACK,target,spirit,222,-0.037884315,0.962824319
RANGED_ATTACK,target,spray,171,0.049142444,1.050369959
RANGED_ATTACK,target,statix,48,-0.023312979,0.976956669
RANGED_ATTACK,target,stoning,47,0.022484540,1.022739223
RANGED_ATTACK,target,stormbolt,47,0.042089760,1.042988093
RANGED_ATTACK,target,stormstrike,49,0.037494863,1.038206664
RANGED_ATTACK,target,strikeandreturn,236,0.007759765,1.007789950
RANGED_ATTACK,target,swallowgoblin,70,0.037839145,1.038564161
RANGED_ATTACK,target,swiftattack,51,-0.006240683,0.993778750
RANGED_ATTACK,target,symbiosis,75,0.018506053,1.018678351
RANGED_ATTACK,target,tasteofblood,53,-0.061606202,0.940253083
RANGED_ATTACK,target,tasteofpain,28,0.038769392,1.039530732
RANGED_ATTACK,target,teleport,348,0.018205573,1.018372304
RANGED_ATTACK,target,threehead,66,0.022644359,1.022902689
RANGED_ATTACK,target,torpor,87,0.007853217,1.007884134
RANGED_ATTACK,target,twistedmind,66,0.026887434,1.027252163
RANGED_ATTACK,target,undead,2040,-0.001447808,0.998553239
RANGED_ATTACK,target,unprotectedtarget,24,0.042385579,1.043296675
RANGED_ATTACK,target,uretalation,238,0.040611209,1.041447121
RANGED_ATTACK,target,venom,65,0.003244979,1.003250249
RANGED_ATTACK,target,viciousstrike,43,0.015931665,1.016059251
RANGED_ATTACK,target,vigilantscout,39,-0.041341429,0.959501472
RANGED_ATTACK,target,vulnerabilitytoair,280,-0.050365210,0.950882089
RANGED_ATTACK,target,vulnerabilitytofire,22,0.040450190,1.041279442
RANGED_ATTACK,target,vulnerabilitytolight,796,-0.054866396,0.946611610
RANGED_ATTACK,target,vulnerabletoshadowmagic,22,-0.036703558,0.963961852
RANGED_ATTACK,target,wailofthenetherworld,96,0.010724087,1.010781796
RANGED_ATTACK,target,wardingarrows,154,0.064239151,1.066347387
RANGED_ATTACK,target,warfury,22,-0.011906241,0.988164357
RANGED_ATTACK,target,waterflowsfreely,45,0.011469217,1.011535241
RANGED_ATTACK,target,waterproof25,36,0.027453905,1.027834236
RANGED_ATTACK,target,waterproof50,304,0.009260853,1.009303867
RANGED_ATTACK,target,wavesofrenewal,39,-0.055968673,0.945568758
RANGED_ATTACK,target,weakeningstrike,104,-0.068286320,0.933993014
RANGED_ATTACK,target,webbingspears,125,0.016727599,1.016868289
RANGED_ATTACK,target,widesweep,41,-0.011557826,0.988508709
