scope,spell_id,spell_name,actor_creature_id,target_creature_id,samples,median_damage
S,432674947,icebolt,0,0,41,94.000000
S,2189341129,lighting,0,0,256,561.000000
S,1762755373,magicarrow,0,0,15,214.000000
S,2077100434,magicfist,0,0,97,72.000000
S,15153311,swarm,0,0,92,240.000000
SA,432674947,icebolt,54,0,3,94.000000
SA,432674947,icebolt,65,0,7,74.000000
SA,432674947,icebolt,126,0,9,170.000000
SA,432674947,icebolt,156,0,7,132.000000
SA,432674947,icebolt,438,0,1,228.000000
SA,432674947,icebolt,622,0,1,93.000000
SA,432674947,icebolt,676,0,3,60.000000
SA,432674947,icebolt,1174,0,7,68.000000
SA,432674947,icebolt,1215,0,1,135.000000
SA,432674947,icebolt,1253,0,1,78.000000
SA,432674947,icebolt,1437,0,1,86.000000
SA,2189341129,lighting,65,0,2,783.166667
SA,2189341129,lighting,120,0,12,58.000000
SA,2189341129,lighting,125,0,9,96.000000
SA,2189341129,lighting,411,0,10,286.000000
SA,2189341129,lighting,412,0,4,294.500000
SA,2189341129,lighting,431,0,9,503.000000
SA,2189341129,lighting,438,0,20,369.000000
SA,2189341129,lighting,439,0,1,302.000000
SA,2189341129,lighting,622,0,105,687.000000
SA,2189341129,lighting,623,0,12,1133.000000
SA,2189341129,lighting,738,0,2,54.000000
SA,2189341129,lighting,1205,0,2,444.000000
SA,2189341129,lighting,1207,0,16,561.000000
SA,2189341129,lighting,1208,0,2,913.000000
SA,2189341129,lighting,1212,0,8,588.000000
SA,2189341129,lighting,1215,0,2,57.000000
SA,2189341129,lighting,1235,0,1,75.000000
SA,2189341129,lighting,1258,0,2,259.000000
SA,2189341129,lighting,1268,0,20,913.000000
SA,2189341129,lighting,1327,0,6,167.000000
SA,2189341129,lighting,1361,0,5,14.000000
SA,2189341129,lighting,1433,0,6,610.500000
SA,1762755373,magicarrow,896,0,9,448.000000
SA,1762755373,magicarrow,1174,0,1,59.000000
SA,1762755373,magicarrow,1259,0,1,829.000000
SA,1762755373,magicarrow,1347,0,3,48.000000
SA,1762755373,magicarrow,1356,0,1,30.000000
SA,2077100434,magicfist,16,0,11,319.000000
SA,2077100434,magicfist,48,0,7,203.000000
SA,2077100434,magicfist,58,0,1,329.000000
SA,2077100434,magicfist,104,0,6,124.000000
SA,2077100434,magicfist,505,0,1,36.000000
SA,2077100434,magicfist,578,0,8,174.000000
SA,2077100434,magicfist,633,0,39,70.000000
SA,2077100434,magicfist,634,0,12,61.500000
SA,2077100434,magicfist,676,0,1,63.000000
SA,2077100434,magicfist,1040,0,3,182.000000
SA,2077100434,magicfist,1203,0,1,180.000000
SA,2077100434,magicfist,1206,0,2,22.000000
SA,2077100434,magicfist,1262,0,5,28.000000
SA,15153311,swarm,31,0,3,53.000000
SA,15153311,swarm,58,0,44,240.000000
SA,15153311,swarm,63,0,2,30.000000
SA,15153311,swarm,504,0,1,30.000000
SA,15153311,swarm,517,0,31,240.000000
SA,15153311,swarm,633,0,4,10.500000
SA,15153311,swarm,634,0,1,14.000000
SA,15153311,swarm,1203,0,2,55.000000
SA,15153311,swarm,1208,0,1,30.000000
SA,15153311,swarm,1268,0,3,20.000000
SAT,432674947,icebolt,54,522,1,94.000000
SAT,432674947,icebolt,54,1004,1,94.000000
SAT,432674947,icebolt,54,1060,1,94.000000
SAT,432674947,icebolt,65,17,1,85.000000
SAT,432674947,icebolt,65,68,1,74.000000
SAT,432674947,icebolt,65,255,1,85.000000
SAT,432674947,icebolt,65,285,3,74.000000
SAT,432674947,icebolt,65,1060,1,74.000000
SAT,432674947,icebolt,126,28,1,1259.000000
SAT,432674947,icebolt,126,68,1,1259.000000
SAT,432674947,icebolt,126,146,1,1259.000000
SAT,432674947,icebolt,126,612,1,170.000000
SAT,432674947,icebolt,126,644,1,170.000000
SAT,432674947,icebolt,126,649,1,152.000000
SAT,432674947,icebolt,126,849,1,170.000000
SAT,432674947,icebolt,126,1114,2,116.000000
SAT,432674947,icebolt,156,314,4,171.000000
SAT,432674947,icebolt,156,320,1,104.000000
SAT,432674947,icebolt,156,433,2,183.000000
SAT,432674947,icebolt,438,167,1,228.000000
SAT,432674947,icebolt,622,993,1,93.000000
SAT,432674947,icebolt,676,261,3,60.000000
SAT,432674947,icebolt,1174,121,5,68.000000
SAT,432674947,icebolt,1174,239,2,68.000000
SAT,432674947,icebolt,1215,851,1,135.000000
SAT,432674947,icebolt,1253,391,1,78.000000
SAT,432674947,icebolt,1437,68,1,86.000000
SAT,2189341129,lighting,65,203,1,841.333333
SAT,2189341129,lighting,65,208,1,725.000000
SAT,2189341129,lighting,120,123,6,58.000000
SAT,2189341129,lighting,120,124,2,56.000000
SAT,2189341129,lighting,120,1282,4,58.000000
SAT,2189341129,lighting,125,72,5,96.000000
SAT,2189341129,lighting,125,165,3,84.000000
SAT,2189341129,lighting,125,168,1,84.000000
SAT,2189341129,lighting,411,28,2,286.000000
SAT,2189341129,lighting,411,42,1,282.000000
SAT,2189341129,lighting,411,117,1,282.000000
SAT,2189341129,lighting,411,118,1,290.000000
SAT,2189341129,lighting,411,311,1,276.000000
SAT,2189341129,lighting,411,318,1,296.000000
SAT,2189341129,lighting,411,320,1,92.000000
SAT,2189341129,lighting,411,513,1,375.000000
SAT,2189341129,lighting,411,535,1,296.000000
SAT,2189341129,lighting,412,118,2,297.000000
SAT,2189341129,lighting,412,257,2,292.000000
SAT,2189341129,lighting,431,117,1,543.000000
SAT,2189341129,lighting,431,118,4,503.000000
SAT,2189341129,lighting,431,165,1,526.000000
SAT,2189341129,lighting,431,318,2,455.000000
SAT,2189341129,lighting,431,433,1,564.000000
SAT,2189341129,lighting,438,28,1,369.000000
SAT,2189341129,lighting,438,100,1,369.000000
SAT,2189341129,lighting,438,118,1,369.000000
SAT,2189341129,lighting,438,234,1,366.000000
SAT,2189341129,lighting,438,238,2,369.000000
SAT,2189341129,lighting,438,257,2,302.000000
SAT,2189341129,lighting,438,270,1,369.000000
SAT,2189341129,lighting,438,311,1,92.000000
SAT,2189341129,lighting,438,320,2,92.000000
SAT,2189341129,lighting,438,335,1,383.000000
SAT,2189341129,lighting,438,433,1,383.000000
SAT,2189341129,lighting,438,513,1,369.000000
SAT,2189341129,lighting,438,514,4,377.500000
SAT,2189341129,lighting,438,515,1,369.000000
SAT,2189341129,lighting,439,255,1,302.000000
SAT,2189341129,lighting,622,24,1,1122.000000
SAT,2189341129,lighting,622,161,2,1122.000000
SAT,2189341129,lighting,622,165,1,1155.000000
SAT,2189341129,lighting,622,172,2,663.000000
SAT,2189341129,lighting,622,202,1,699.000000
SAT,2189341129,lighting,622,207,1,531.000000
SAT,2189341129,lighting,622,272,2,1089.000000
SAT,2189341129,lighting,622,285,2,1067.000000
SAT,2189341129,lighting,622,287,1,1089.000000
SAT,2189341129,lighting,622,315,1,1144.000000
SAT,2189341129,lighting,622,353,2,485.500000
SAT,2189341129,lighting,622,355,2,385.500000
SAT,2189341129,lighting,622,356,3,342.000000
SAT,2189341129,lighting,622,359,1,172.000000
SAT,2189341129,lighting,622,370,1,144.000000
SAT,2189341129,lighting,622,389,1,591.000000
SAT,2189341129,lighting,622,401,1,150.000000
SAT,2189341129,lighting,622,405,1,584.000000
SAT,2189341129,lighting,622,414,1,924.000000
SAT,2189341129,lighting,622,415,1,124.800000
SAT,2189341129,lighting,622,416,1,508.000000
SAT,2189341129,lighting,622,421,2,514.400000
SAT,2189341129,lighting,622,434,2,574.500000
SAT,2189341129,lighting,622,435,1,695.000000
SAT,2189341129,lighting,622,440,1,322.400000
SAT,2189341129,lighting,622,443,1,715.000000
SAT,2189341129,lighting,622,446,1,454.000000
SAT,2189341129,lighting,622,447,1,141.000000
SAT,2189341129,lighting,622,538,1,1067.000000
SAT,2189341129,lighting,622,624,1,155.000000
SAT,2189341129,lighting,622,636,5,470.000000
SAT,2189341129,lighting,622,641,5,307.000000
SAT,2189341129,lighting,622,647,1,1067.000000
SAT,2189341129,lighting,622,651,3,1067.000000
SAT,2189341129,lighting,622,660,2,5220.000000
SAT,2189341129,lighting,622,677,1,1067.000000
SAT,2189341129,lighting,622,679,1,1090.000000
SAT,2189341129,lighting,622,897,3,1155.000000
SAT,2189341129,lighting,622,921,1,553.000000
SAT,2189341129,lighting,622,993,2,473.000000
SAT,2189341129,lighting,622,1037,2,1067.000000
SAT,2189341129,lighting,622,1050,1,871.000000
SAT,2189341129,lighting,622,1053,4,1010.000000
SAT,2189341129,lighting,622,1068,1,627.000000
SAT,2189341129,lighting,622,1130,2,693.000000
SAT,2189341129,lighting,622,1140,1,558.000000
SAT,2189341129,lighting,622,1145,6,1089.000000
SAT,2189341129,lighting,622,1156,2,969.000000
SAT,2189341129,lighting,622,1188,1,889.000000
SAT,2189341129,lighting,622,1189,1,553.000000
SAT,2189341129,lighting,622,1191,7,619.000000
SAT,2189341129,lighting,622,1313,1,495.000000
SAT,2189341129,lighting,622,1329,1,220.000000
SAT,2189341129,lighting,622,1337,1,1067.000000
SAT,2189341129,lighting,622,1339,1,1144.000000
SAT,2189341129,lighting,622,1346,3,1188.000000
SAT,2189341129,lighting,622,1349,3,687.000000
SAT,2189341129,lighting,622,1363,3,871.000000
SAT,2189341129,lighting,623,154,4,1360.000000
SAT,2189341129,lighting,623,155,3,1133.000000
SAT,2189341129,lighting,623,285,2,726.000000
SAT,2189341129,lighting,623,851,1,943.000000
SAT,2189341129,lighting,623,1040,1,726.000000
SAT,2189341129,lighting,623,1068,1,756.000000
SAT,2189341129,lighting,738,314,1,54.000000
SAT,2189341129,lighting,738,537,1,54.000000
SAT,2189341129,lighting,1205,635,1,444.000000
SAT,2189341129,lighting,1205,636,1,444.000000
SAT,2189341129,lighting,1207,2,2,511.500000
SAT,2189341129,lighting,1207,10,1,561.000000
SAT,2189341129,lighting,1207,34,3,583.000000
SAT,2189341129,lighting,1207,606,1,561.000000
SAT,2189341129,lighting,1207,677,1,561.000000
SAT,2189341129,lighting,1207,679,2,584.000000
SAT,2189341129,lighting,1207,703,1,413.333333
SAT,2189341129,lighting,1207,770,2,561.000000
SAT,2189341129,lighting,1207,939,1,449.000000
SAT,2189341129,lighting,1207,1042,1,561.000000
SAT,2189341129,lighting,1207,1060,1,583.000000
SAT,2189341129,lighting,1208,4,2,913.000000
SAT,2189341129,lighting,1212,212,1,588.000000
SAT,2189341129,lighting,1212,213,1,588.000000
SAT,2189341129,lighting,1212,413,5,588.000000
SAT,2189341129,lighting,1212,417,1,588.000000
SAT,2189341129,lighting,1215,165,2,57.000000
SAT,2189341129,lighting,1235,53,1,75.000000
SAT,2189341129,lighting,1258,647,1,259.000000
SAT,2189341129,lighting,1258,649,1,259.000000
SAT,2189341129,lighting,1268,149,3,913.000000
SAT,2189341129,lighting,1268,217,7,913.000000
SAT,2189341129,lighting,1268,269,4,913.000000
SAT,2189341129,lighting,1268,717,1,913.000000
SAT,2189341129,lighting,1268,920,1,913.000000
SAT,2189341129,lighting,1268,928,2,913.000000
SAT,2189341129,lighting,1268,1348,1,913.000000
SAT,2189341129,lighting,1268,1363,1,913.000000
SAT,2189341129,lighting,1327,91,2,167.000000
SAT,2189341129,lighting,1327,513,4,167.000000
SAT,2189341129,lighting,1361,53,1,195.000000
SAT,2189341129,lighting,1361,261,1,71.000000
SAT,2189341129,lighting,1361,378,3,14.000000
SAT,2189341129,lighting,1433,18,1,572.000000
SAT,2189341129,lighting,1433,651,1,649.000000
SAT,2189341129,lighting,1433,852,2,649.000000
SAT,2189341129,lighting,1433,962,2,572.000000
SAT,1762755373,magicarrow,896,255,1,971.000000
SAT,1762755373,magicarrow,896,261,1,606.000000
SAT,1762755373,magicarrow,896,309,1,29.000000
SAT,1762755373,magicarrow,896,314,1,9.000000
SAT,1762755373,magicarrow,896,318,1,547.000000
SAT,1762755373,magicarrow,896,534,2,429.000000
SAT,1762755373,magicarrow,896,646,1,214.000000
SAT,1762755373,magicarrow,896,1114,1,707.000000
SAT,1762755373,magicarrow,1174,121,1,59.000000
SAT,1762755373,magicarrow,1259,255,1,829.000000
SAT,1762755373,magicarrow,1347,1114,3,48.000000
SAT,1762755373,magicarrow,1356,1114,1,30.000000
SAT,2077100434,magicfist,16,43,1,72.000000
SAT,2077100434,magicfist,16,53,1,330.000000
SAT,2077100434,magicfist,16,309,1,152.000000
SAT,2077100434,magicfist,16,311,1,827.000000
SAT,2077100434,magicfist,16,320,2,36.500000
SAT,2077100434,magicfist,16,433,1,96.000000
SAT,2077100434,magicfist,16,513,3,339.000000
SAT,2077100434,magicfist,16,514,1,319.000000
SAT,2077100434,magicfist,48,123,2,203.000000
SAT,2077100434,magicfist,48,125,2,203.000000
SAT,2077100434,magicfist,48,1282,3,203.000000
SAT,2077100434,magicfist,58,930,1,329.000000
SAT,2077100434,magicfist,104,165,2,347.500000
SAT,2077100434,magicfist,104,167,2,246.500000
SAT,2077100434,magicfist,104,635,1,25.000000
SAT,2077100434,magicfist,104,641,1,53.000000
SAT,2077100434,magicfist,505,635,1,36.000000
SAT,2077100434,magicfist,578,17,1,32.000000
SAT,2077100434,magicfist,578,45,1,150.000000
SAT,2077100434,magicfist,578,53,1,22.000000
SAT,2077100434,magicfist,578,101,1,235.000000
SAT,2077100434,magicfist,578,309,1,198.000000
SAT,2077100434,magicfist,578,534,2,293.000000
SAT,2077100434,magicfist,578,626,1,20.000000
SAT,2077100434,magicfist,633,28,6,68.000000
SAT,2077100434,magicfist,633,68,1,0.000000
SAT,2077100434,magicfist,633,118,6,35.000000
SAT,2077100434,magicfist,633,146,3,52.000000
SAT,2077100434,magicfist,633,162,1,80.000000
SAT,2077100434,magicfist,633,165,3,85.000000
SAT,2077100434,magicfist,633,169,1,80.000000
SAT,2077100434,magicfist,633,234,2,85.000000
SAT,2077100434,magicfist,633,235,1,36.000000
SAT,2077100434,magicfist,633,239,1,75.000000
SAT,2077100434,magicfist,633,253,2,75.000000
SAT,2077100434,magicfist,633,255,1,42.000000
SAT,2077100434,magicfist,633,257,3,35.000000
SAT,2077100434,magicfist,633,261,1,42.000000
SAT,2077100434,magicfist,633,300,3,70.000000
SAT,2077100434,magicfist,633,341,1,75.000000
SAT,2077100434,magicfist,633,514,1,75.000000
SAT,2077100434,magicfist,633,578,1,75.000000
SAT,2077100434,magicfist,633,587,1,30.000000
SAT,2077100434,magicfist,634,28,1,35.000000
SAT,2077100434,magicfist,634,33,1,35.000000
SAT,2077100434,magicfist,634,146,5,75.000000
SAT,2077100434,magicfist,634,165,1,85.000000
SAT,2077100434,magicfist,634,169,1,80.000000
SAT,2077100434,magicfist,634,234,3,35.000000
SAT,2077100434,magicfist,676,612,1,63.000000
SAT,2077100434,magicfist,1040,53,2,99.000000
SAT,2077100434,magicfist,1040,314,1,260.000000
SAT,2077100434,magicfist,1203,413,1,180.000000
SAT,2077100434,magicfist,1206,1114,2,22.000000
SAT,2077100434,magicfist,1262,612,5,28.000000
SAT,15153311,swarm,31,753,1,53.000000
SAT,15153311,swarm,31,852,1,3.000000
SAT,15153311,swarm,31,1381,1,55.000000
SAT,15153311,swarm,58,4,1,240.000000
SAT,15153311,swarm,58,10,6,240.000000
SAT,15153311,swarm,58,21,6,240.000000
SAT,15153311,swarm,58,770,10,240.000000
SAT,15153311,swarm,58,791,1,235.000000
SAT,15153311,swarm,58,930,10,235.000000
SAT,15153311,swarm,58,939,1,240.000000
SAT,15153311,swarm,58,946,6,240.000000
SAT,15153311,swarm,58,1062,3,235.000000
SAT,15153311,swarm,63,1146,1,30.000000
SAT,15153311,swarm,63,1381,1,30.000000
SAT,15153311,swarm,504,1319,1,30.000000
SAT,15153311,swarm,517,17,6,240.000000
SAT,15153311,swarm,517,31,1,240.000000
SAT,15153311,swarm,517,199,1,240.000000
SAT,15153311,swarm,517,601,11,240.000000
SAT,15153311,swarm,517,624,1,240.000000
SAT,15153311,swarm,517,731,4,235.000000
SAT,15153311,swarm,517,770,3,250.000000
SAT,15153311,swarm,517,918,4,240.000000
SAT,15153311,swarm,633,289,1,10.000000
SAT,15153311,swarm,633,318,1,10.000000
SAT,15153311,swarm,633,534,2,11.000000
SAT,15153311,swarm,634,257,1,14.000000
SAT,15153311,swarm,1203,47,1,50.000000
SAT,15153311,swarm,1203,631,1,60.000000
SAT,15153311,swarm,1208,207,1,30.000000
SAT,15153311,swarm,1268,445,1,20.000000
SAT,15153311,swarm,1268,792,1,30.000000
SAT,15153311,swarm,1268,1037,1,20.000000
ST,432674947,icebolt,0,17,1,85.000000
ST,432674947,icebolt,0,28,1,1259.000000
ST,432674947,icebolt,0,68,3,86.000000
ST,432674947,icebolt,0,121,5,68.000000
ST,432674947,icebolt,0,146,1,1259.000000
ST,432674947,icebolt,0,167,1,228.000000
ST,432674947,icebolt,0,239,2,68.000000
ST,432674947,icebolt,0,255,1,85.000000
ST,432674947,icebolt,0,261,3,60.000000
ST,432674947,icebolt,0,285,3,74.000000
ST,432674947,icebolt,0,314,4,171.000000
ST,432674947,icebolt,0,320,1,104.000000
ST,432674947,icebolt,0,391,1,78.000000
ST,432674947,icebolt,0,433,2,183.000000
ST,432674947,icebolt,0,522,1,94.000000
ST,432674947,icebolt,0,612,1,170.000000
ST,432674947,icebolt,0,644,1,170.000000
ST,432674947,icebolt,0,649,1,152.000000
ST,432674947,icebolt,0,849,1,170.000000
ST,432674947,icebolt,0,851,1,135.000000
ST,432674947,icebolt,0,993,1,93.000000
ST,432674947,icebolt,0,1004,1,94.000000
ST,432674947,icebolt,0,1060,2,84.000000
ST,432674947,icebolt,0,1114,2,116.000000
ST,2189341129,lighting,0,2,2,511.500000
ST,2189341129,lighting,0,4,2,913.000000
ST,2189341129,lighting,0,10,1,561.000000
ST,2189341129,lighting,0,18,1,572.000000
ST,2189341129,lighting,0,24,1,1122.000000
ST,2189341129,lighting,0,28,3,290.000000
ST,2189341129,lighting,0,34,3,583.000000
ST,2189341129,lighting,0,42,1,282.000000
ST,2189341129,lighting,0,53,2,135.000000
ST,2189341129,lighting,0,72,5,96.000000
ST,2189341129,lighting,0,91,2,167.000000
ST,2189341129,lighting,0,100,1,369.000000
ST,2189341129,lighting,0,117,2,412.500000
ST,2189341129,lighting,0,118,8,436.000000
ST,2189341129,lighting,0,123,6,58.000000
ST,2189341129,lighting,0,124,2,56.000000
ST,2189341129,lighting,0,149,3,913.000000
ST,2189341129,lighting,0,154,4,1360.000000
ST,2189341129,lighting,0,155,3,1133.000000
ST,2189341129,lighting,0,161,2,1122.000000
ST,2189341129,lighting,0,165,7,84.000000
ST,2189341129,lighting,0,168,1,84.000000
ST,2189341129,lighting,0,172,2,663.000000
ST,2189341129,lighting,0,202,1,699.000000
ST,2189341129,lighting,0,203,1,841.333333
ST,2189341129,lighting,0,207,1,531.000000
ST,2189341129,lighting,0,208,1,725.000000
ST,2189341129,lighting,0,212,1,588.000000
ST,2189341129,lighting,0,213,1,588.000000
ST,2189341129,lighting,0,217,7,913.000000
ST,2189341129,lighting,0,234,1,366.000000
ST,2189341129,lighting,0,238,2,369.000000
ST,2189341129,lighting,0,255,1,302.000000
ST,2189341129,lighting,0,257,4,297.000000
ST,2189341129,lighting,0,261,1,71.000000
ST,2189341129,lighting,0,269,4,913.000000
ST,2189341129,lighting,0,270,1,369.000000
ST,2189341129,lighting,0,272,2,1089.000000
ST,2189341129,lighting,0,285,4,896.500000
ST,2189341129,lighting,0,287,1,1089.000000
ST,2189341129,lighting,0,311,2,184.000000
ST,2189341129,lighting,0,314,1,54.000000
ST,2189341129,lighting,0,315,1,1144.000000
ST,2189341129,lighting,0,318,3,455.000000
ST,2189341129,lighting,0,320,3,92.000000
ST,2189341129,lighting,0,335,1,383.000000
ST,2189341129,lighting,0,353,2,485.500000
ST,2189341129,lighting,0,355,2,385.500000
ST,2189341129,lighting,0,356,3,342.000000
ST,2189341129,lighting,0,359,1,172.000000
ST,2189341129,lighting,0,370,1,144.000000
ST,2189341129,lighting,0,378,3,14.000000
ST,2189341129,lighting,0,389,1,591.000000
ST,2189341129,lighting,0,401,1,150.000000
ST,2189341129,lighting,0,405,1,584.000000
ST,2189341129,lighting,0,413,5,588.000000
ST,2189341129,lighting,0,414,1,924.000000
ST,2189341129,lighting,0,415,1,124.800000
ST,2189341129,lighting,0,416,1,508.000000
ST,2189341129,lighting,0,417,1,588.000000
ST,2189341129,lighting,0,421,2,514.400000
ST,2189341129,lighting,0,433,2,473.500000
ST,2189341129,lighting,0,434,2,574.500000
ST,2189341129,lighting,0,435,1,695.000000
ST,2189341129,lighting,0,440,1,322.400000
ST,2189341129,lighting,0,443,1,715.000000
ST,2189341129,lighting,0,446,1,454.000000
ST,2189341129,lighting,0,447,1,141.000000
ST,2189341129,lighting,0,513,6,167.000000
ST,2189341129,lighting,0,514,4,377.500000
ST,2189341129,lighting,0,515,1,369.000000
ST,2189341129,lighting,0,535,1,296.000000
ST,2189341129,lighting,0,537,1,54.000000
ST,2189341129,lighting,0,538,1,1067.000000
ST,2189341129,lighting,0,606,1,561.000000
ST,2189341129,lighting,0,624,1,155.000000
ST,2189341129,lighting,0,635,1,444.000000
ST,2189341129,lighting,0,636,6,457.000000
ST,2189341129,lighting,0,641,5,307.000000
ST,2189341129,lighting,0,647,2,663.000000
ST,2189341129,lighting,0,649,1,259.000000
ST,2189341129,lighting,0,651,4,1067.000000
ST,2189341129,lighting,0,660,2,5220.000000
ST,2189341129,lighting,0,677,2,814.000000
ST,2189341129,lighting,0,679,3,584.000000
ST,2189341129,lighting,0,703,1,413.333333
ST,2189341129,lighting,0,717,1,913.000000
ST,2189341129,lighting,0,770,2,561.000000
ST,2189341129,lighting,0,851,1,943.000000
ST,2189341129,lighting,0,852,2,649.000000
ST,2189341129,lighting,0,897,3,1155.000000
ST,2189341129,lighting,0,920,1,913.000000
ST,2189341129,lighting,0,921,1,553.000000
ST,2189341129,lighting,0,928,2,913.000000
ST,2189341129,lighting,0,939,1,449.000000
ST,2189341129,lighting,0,962,2,572.000000
ST,2189341129,lighting,0,993,2,473.000000
ST,2189341129,lighting,0,1037,2,1067.000000
ST,2189341129,lighting,0,1040,1,726.000000
ST,2189341129,lighting,0,1042,1,561.000000
ST,2189341129,lighting,0,1050,1,871.000000
ST,2189341129,lighting,0,1053,4,1010.000000
ST,2189341129,lighting,0,1060,1,583.000000
ST,2189341129,lighting,0,1068,2,691.500000
ST,2189341129,lighting,0,1130,2,693.000000
ST,2189341129,lighting,0,1140,1,558.000000
ST,2189341129,lighting,0,1145,6,1089.000000
ST,2189341129,lighting,0,1156,2,969.000000
ST,2189341129,lighting,0,1188,1,889.000000
ST,2189341129,lighting,0,1189,1,553.000000
ST,2189341129,lighting,0,1191,7,619.000000
ST,2189341129,lighting,0,1282,4,58.000000
ST,2189341129,lighting,0,1313,1,495.000000
ST,2189341129,lighting,0,1329,1,220.000000
ST,2189341129,lighting,0,1337,1,1067.000000
ST,2189341129,lighting,0,1339,1,1144.000000
ST,2189341129,lighting,0,1346,3,1188.000000
ST,2189341129,lighting,0,1348,1,913.000000
ST,2189341129,lighting,0,1349,3,687.000000
ST,2189341129,lighting,0,1363,4,892.000000
ST,1762755373,magicarrow,0,121,1,59.000000
ST,1762755373,magicarrow,0,255,2,900.000000
ST,1762755373,magicarrow,0,261,1,606.000000
ST,1762755373,magicarrow,0,309,1,29.000000
ST,1762755373,magicarrow,0,314,1,9.000000
ST,1762755373,magicarrow,0,318,1,547.000000
ST,1762755373,magicarrow,0,534,2,429.000000
ST,1762755373,magicarrow,0,646,1,214.000000
ST,1762755373,magicarrow,0,1114,5,48.000000
ST,2077100434,magicfist,0,17,1,32.000000
ST,2077100434,magicfist,0,28,7,66.000000
ST,2077100434,magicfist,0,33,1,35.000000
ST,2077100434,magicfist,0,43,1,72.000000
ST,2077100434,magicfist,0,45,1,150.000000
ST,2077100434,magicfist,0,53,4,102.000000
ST,2077100434,magicfist,0,68,1,0.000000
ST,2077100434,magicfist,0,101,1,235.000000
ST,2077100434,magicfist,0,118,6,35.000000
ST,2077100434,magicfist,0,123,2,203.000000
ST,2077100434,magicfist,0,125,2,203.000000
ST,2077100434,magicfist,0,146,8,72.500000
ST,2077100434,magicfist,0,162,1,80.000000
ST,2077100434,magicfist,0,165,6,85.000000
ST,2077100434,magicfist,0,167,2,246.500000
ST,2077100434,magicfist,0,169,2,80.000000
ST,2077100434,magicfist,0,234,5,35.000000
ST,2077100434,magicfist,0,235,1,36.000000
ST,2077100434,magicfist,0,239,1,75.000000
ST,2077100434,magicfist,0,253,2,75.000000
ST,2077100434,magicfist,0,255,1,42.000000
ST,2077100434,magicfist,0,257,3,35.000000
ST,2077100434,magicfist,0,261,1,42.000000
ST,2077100434,magicfist,0,300,3,70.000000
ST,2077100434,magicfist,0,309,2,175.000000
ST,2077100434,magicfist,0,311,1,827.000000
ST,2077100434,magicfist,0,314,1,260.000000
ST,2077100434,magicfist,0,320,2,36.500000
ST,2077100434,magicfist,0,341,1,75.000000
ST,2077100434,magicfist,0,413,1,180.000000
ST,2077100434,magicfist,0,433,1,96.000000
ST,2077100434,magicfist,0,513,3,339.000000
ST,2077100434,magicfist,0,514,2,197.000000
ST,2077100434,magicfist,0,534,2,293.000000
ST,2077100434,magicfist,0,578,1,75.000000
ST,2077100434,magicfist,0,587,1,30.000000
ST,2077100434,magicfist,0,612,6,28.000000
ST,2077100434,magicfist,0,626,1,20.000000
ST,2077100434,magicfist,0,635,2,30.500000
ST,2077100434,magicfist,0,641,1,53.000000
ST,2077100434,magicfist,0,930,1,329.000000
ST,2077100434,magicfist,0,1114,2,22.000000
ST,2077100434,magicfist,0,1282,3,203.000000
ST,15153311,swarm,0,4,1,240.000000
ST,15153311,swarm,0,10,6,240.000000
ST,15153311,swarm,0,17,6,240.000000
ST,15153311,swarm,0,21,6,240.000000
ST,15153311,swarm,0,31,1,240.000000
ST,15153311,swarm,0,47,1,50.000000
ST,15153311,swarm,0,199,1,240.000000
ST,15153311,swarm,0,207,1,30.000000
ST,15153311,swarm,0,257,1,14.000000
ST,15153311,swarm,0,289,1,10.000000
ST,15153311,swarm,0,318,1,10.000000
ST,15153311,swarm,0,445,1,20.000000
ST,15153311,swarm,0,534,2,11.000000
ST,15153311,swarm,0,601,11,240.000000
ST,15153311,swarm,0,624,1,240.000000
ST,15153311,swarm,0,631,1,60.000000
ST,15153311,swarm,0,731,4,235.000000
ST,15153311,swarm,0,753,1,53.000000
ST,15153311,swarm,0,770,13,240.000000
ST,15153311,swarm,0,791,1,235.000000
ST,15153311,swarm,0,792,1,30.000000
ST,15153311,swarm,0,852,1,3.000000
ST,15153311,swarm,0,918,4,240.000000
ST,15153311,swarm,0,930,10,235.000000
ST,15153311,swarm,0,939,1,240.000000
ST,15153311,swarm,0,946,6,240.000000
ST,15153311,swarm,0,1037,1,20.000000
ST,15153311,swarm,0,1062,3,235.000000
ST,15153311,swarm,0,1146,1,30.000000
ST,15153311,swarm,0,1319,1,30.000000
ST,15153311,swarm,0,1381,2,42.500000
